ie,municip,precinct,total,voted
1,АЕРОДРОМ,2719/1,860,414
1,АЕРОДРОМ,2720/1,514,270
1,АЕРОДРОМ,2721/1,545,305
1,АЕРОДРОМ,2673,782,436
1,АЕРОДРОМ,2674,977,544
1,АЕРОДРОМ,2675,730,367
1,АЕРОДРОМ,2676,662,366
1,АЕРОДРОМ,2677,635,289
1,АЕРОДРОМ,2678,1143,567
1,АЕРОДРОМ,2679,462,238
1,АЕРОДРОМ,2680,571,299
1,АЕРОДРОМ,2681,1095,558
1,АЕРОДРОМ,2682,681,339
1,АЕРОДРОМ,2683,905,483
1,АЕРОДРОМ,2684,706,366
1,АЕРОДРОМ,2685,649,328
1,АЕРОДРОМ,2686,570,303
1,АЕРОДРОМ,2687,543,266
1,АЕРОДРОМ,2688,633,317
1,АЕРОДРОМ,2689,505,276
1,АЕРОДРОМ,2690,771,405
1,АЕРОДРОМ,2691,499,271
1,АЕРОДРОМ,2692,874,439
1,АЕРОДРОМ,2693,634,351
1,АЕРОДРОМ,2694,832,471
1,АЕРОДРОМ,2695,627,360
1,АЕРОДРОМ,2696,667,362
1,АЕРОДРОМ,2697,716,382
1,АЕРОДРОМ,2698,619,361
1,АЕРОДРОМ,2699,575,334
1,АЕРОДРОМ,2700,884,478
1,АЕРОДРОМ,2701,566,317
1,АЕРОДРОМ,2702,840,427
1,АЕРОДРОМ,2703,916,419
1,АЕРОДРОМ,2704,876,428
1,АЕРОДРОМ,2705,660,343
1,АЕРОДРОМ,2706,655,290
1,АЕРОДРОМ,2707,562,298
1,АЕРОДРОМ,2708,997,508
1,АЕРОДРОМ,2709,902,415
1,АЕРОДРОМ,2710,891,489
1,АЕРОДРОМ,2711,1006,503
1,АЕРОДРОМ,2712,966,481
1,АЕРОДРОМ,2713,1030,512
1,АЕРОДРОМ,2714,705,394
1,АЕРОДРОМ,2715,619,345
1,АЕРОДРОМ,2716,588,351
1,АЕРОДРОМ,2717,492,226
1,АЕРОДРОМ,2718,981,530
1,АЕРОДРОМ,2719,803,400
1,АЕРОДРОМ,2720,521,255
1,АЕРОДРОМ,2721,513,296
1,АЕРОДРОМ,2722,896,477
1,АЕРОДРОМ,2723,910,508
1,АЕРОДРОМ,2724,547,328
1,АЕРОДРОМ,2725,702,339
1,АЕРОДРОМ,2726,539,253
1,АЕРОДРОМ,2727,863,487
1,АЕРОДРОМ,2728,646,275
1,АЕРОДРОМ,2729,135,63
1,АЕРОДРОМ,2730,630,328
1,АЕРОДРОМ,2731,815,413
1,АЕРОДРОМ,2732,733,335
1,АЕРОДРОМ,2733,502,252
1,АЕРОДРОМ,2734,905,432
1,АЕРОДРОМ,2735,799,503
1,АЕРОДРОМ,2736,949,549
1,АЕРОДРОМ,2737,852,500
1,АЕРОДРОМ,2738,804,457
1,АЕРОДРОМ,2679/1,490,250
1,АЕРОДРОМ,2680/1,500,267
1,АЕРОДРОМ,2682/1,542,267
1,АЕРОДРОМ,2683/1,671,367
1,АЕРОДРОМ,2684/1,799,421
1,АЕРОДРОМ,2714/1,894,471
1,АЕРОДРОМ,2715/1,629,385
1,АЕРОДРОМ,2716/1,591,366
1,АЕРОДРОМ,2717/1,513,251
1,АЕРОДРОМ,2730/1,509,265
1,АЕРОДРОМ,2732/1,906,416
1,АЕРОДРОМ,2733/1,665,376
1,АЕРОДРОМ,2752,667,335
1,АЕРОДРОМ,2753,1053,590
1,АЕРОДРОМ,2754,702,360
1,АЕРОДРОМ,2755,652,319
1,АЕРОДРОМ,2756,719,379
1,АЕРОДРОМ,2757,534,300
1,АЕРОДРОМ,2758,562,314
1,АЕРОДРОМ,2759,622,319
1,АЕРОДРОМ,2760,918,498
1,АЕРОДРОМ,2772,620,335
1,АЕРОДРОМ,2773,990,546
1,АЕРОДРОМ,2772/1,537,328
1,АЕРОДРОМ,ЗРД-0094,58,0
1,КАРПОШ,2592,905,508
1,КАРПОШ,2593,668,352
1,КАРПОШ,2594,960,522
1,КАРПОШ,2595,887,491
1,КАРПОШ,2596,877,464
1,КАРПОШ,2597,472,257
1,КАРПОШ,2598,931,474
1,КАРПОШ,2599,985,540
1,КАРПОШ,2600,923,495
1,КАРПОШ,2601,577,324
1,КАРПОШ,2602,800,470
1,КАРПОШ,2603,904,509
1,КАРПОШ,2604,405,233
1,КАРПОШ,2605,719,349
1,КАРПОШ,2606,792,462
1,КАРПОШ,2607,694,395
1,КАРПОШ,2608,554,304
1,КАРПОШ,2609,869,440
1,КАРПОШ,2610,832,445
1,КАРПОШ,2611,889,484
1,КАРПОШ,2612,860,455
1,КАРПОШ,2613,863,443
1,КАРПОШ,2614,613,312
1,КАРПОШ,2615,885,467
1,КАРПОШ,2616,959,464
1,КАРПОШ,2617,641,343
1,КАРПОШ,2618,654,349
1,КАРПОШ,2619,503,289
1,КАРПОШ,2620,966,470
1,КАРПОШ,2621,152,84
1,КАРПОШ,2622,624,341
1,КАРПОШ,2623,773,400
1,КАРПОШ,2624,810,445
1,КАРПОШ,2625,653,349
1,КАРПОШ,2626,623,372
1,КАРПОШ,2627,629,319
1,КАРПОШ,2628,758,384
1,КАРПОШ,2629,625,321
1,КАРПОШ,2630,492,222
1,КАРПОШ,2631,756,380
1,КАРПОШ,2632,729,391
1,КАРПОШ,2633,728,403
1,КАРПОШ,2634,752,363
1,КАРПОШ,2635,940,502
1,КАРПОШ,2636,937,467
1,КАРПОШ,2637,654,357
1,КАРПОШ,2638,773,409
1,КАРПОШ,2639,815,414
1,КАРПОШ,2640,850,451
1,КАРПОШ,2641,794,436
1,КАРПОШ,2642,708,399
1,КАРПОШ,2643,794,440
1,КАРПОШ,2644,599,294
1,КАРПОШ,2645,678,365
1,КАРПОШ,2646,668,371
1,КАРПОШ,2647,919,514
1,КАРПОШ,2648,913,554
1,КАРПОШ,2649,558,302
1,КАРПОШ,2650,774,433
1,КАРПОШ,2651,592,330
1,КАРПОШ,2652,903,476
1,КАРПОШ,2653,746,495
1,КАРПОШ,2593/1,595,331
1,КАРПОШ,2597/1,567,304
1,КАРПОШ,2601/1,609,338
1,КАРПОШ,2614/1,634,335
1,КАРПОШ,2617/1,577,273
1,КАРПОШ,2618/1,538,267
1,КАРПОШ,2626/1,662,376
1,КАРПОШ,2644/1,685,392
1,КАРПОШ,2649/1,631,349
1,КАРПОШ,2651/1,594,322
1,КАРПОШ,2652/1,833,459
1,КАРПОШ,2653/1,848,538
1,КАРПОШ,ЗРД-0043,72,0
1,КИСЕЛА ВОДА,2425,786,455
1,КИСЕЛА ВОДА,2426,583,330
1,КИСЕЛА ВОДА,2427,825,485
1,КИСЕЛА ВОДА,2425/1,724,427
1,КИСЕЛА ВОДА,2426/1,632,380
1,КИСЕЛА ВОДА,2654,580,289
1,КИСЕЛА ВОДА,2655,769,392
1,КИСЕЛА ВОДА,2656,750,443
1,КИСЕЛА ВОДА,2657,495,282
1,КИСЕЛА ВОДА,2658,719,388
1,КИСЕЛА ВОДА,2659,986,546
1,КИСЕЛА ВОДА,2660,859,437
1,КИСЕЛА ВОДА,2661,490,286
1,КИСЕЛА ВОДА,2662,600,326
1,КИСЕЛА ВОДА,2663,518,303
1,КИСЕЛА ВОДА,2664,486,278
1,КИСЕЛА ВОДА,2665,720,354
1,КИСЕЛА ВОДА,2666,597,282
1,КИСЕЛА ВОДА,2667,521,273
1,КИСЕЛА ВОДА,2668,890,490
1,КИСЕЛА ВОДА,2669,483,272
1,КИСЕЛА ВОДА,2670,961,473
1,КИСЕЛА ВОДА,2671,526,275
1,КИСЕЛА ВОДА,2672,343,185
1,КИСЕЛА ВОДА,2667/1,539,270
1,КИСЕЛА ВОДА,2669/1,570,286
1,КИСЕЛА ВОДА,2671/1,571,292
1,КИСЕЛА ВОДА,2739,811,440
1,КИСЕЛА ВОДА,2740,682,356
1,КИСЕЛА ВОДА,2741,755,353
1,КИСЕЛА ВОДА,2742,334,168
1,КИСЕЛА ВОДА,2743,814,414
1,КИСЕЛА ВОДА,2744,697,386
1,КИСЕЛА ВОДА,2745,752,424
1,КИСЕЛА ВОДА,2746,678,353
1,КИСЕЛА ВОДА,2747,565,329
1,КИСЕЛА ВОДА,2748,479,277
1,КИСЕЛА ВОДА,2749,674,313
1,КИСЕЛА ВОДА,2750,724,408
1,КИСЕЛА ВОДА,2751,663,370
1,КИСЕЛА ВОДА,2748/1,561,302
1,КИСЕЛА ВОДА,2751/1,800,438
1,КИСЕЛА ВОДА,2761,656,348
1,КИСЕЛА ВОДА,2762,1077,554
1,КИСЕЛА ВОДА,2763,743,416
1,КИСЕЛА ВОДА,2764,874,453
1,КИСЕЛА ВОДА,2765,665,351
1,КИСЕЛА ВОДА,2766,599,313
1,КИСЕЛА ВОДА,2767,679,386
1,КИСЕЛА ВОДА,2768,412,200
1,КИСЕЛА ВОДА,2769,488,266
1,КИСЕЛА ВОДА,2770,685,334
1,КИСЕЛА ВОДА,2771,468,270
1,КИСЕЛА ВОДА,2762/1,742,420
1,КИСЕЛА ВОДА,2774,849,525
1,КИСЕЛА ВОДА,2775,879,469
1,КИСЕЛА ВОДА,2776,689,333
1,КИСЕЛА ВОДА,2777,135,63
1,КИСЕЛА ВОДА,2778,545,275
1,КИСЕЛА ВОДА,2779,681,322
1,КИСЕЛА ВОДА,2780,807,400
1,КИСЕЛА ВОДА,2781,477,229
1,КИСЕЛА ВОДА,2782,489,245
1,КИСЕЛА ВОДА,2783,815,438
1,КИСЕЛА ВОДА,2784,507,265
1,КИСЕЛА ВОДА,2785,626,331
1,КИСЕЛА ВОДА,2786,414,216
1,КИСЕЛА ВОДА,2787,452,239
1,КИСЕЛА ВОДА,2788,667,358
1,КИСЕЛА ВОДА,2789,812,453
1,КИСЕЛА ВОДА,2790,532,297
1,КИСЕЛА ВОДА,2791,672,337
1,КИСЕЛА ВОДА,2792,947,505
1,КИСЕЛА ВОДА,2793,518,258
1,КИСЕЛА ВОДА,2794,835,497
1,КИСЕЛА ВОДА,2795,492,240
1,КИСЕЛА ВОДА,2781/1,524,246
1,КИСЕЛА ВОДА,2782/1,509,262
1,КИСЕЛА ВОДА,2784/1,512,261
1,КИСЕЛА ВОДА,2789/1,949,525
1,КИСЕЛА ВОДА,2793/1,496,274
1,КИСЕЛА ВОДА,2795/1,557,281
1,КИСЕЛА ВОДА,ЗРД-0051,52,0
1,МАКЕДОНСКИ БРОД,0224,3,1
1,МАКЕДОНСКИ БРОД,0225,9,2
1,МАКЕДОНСКИ БРОД,0226,24,17
1,МАКЕДОНСКИ БРОД,0227,57,45
1,МАКЕДОНСКИ БРОД,0228,16,8
1,МАКЕДОНСКИ БРОД,0229,97,73
1,МАКЕДОНСКИ БРОД,0230,26,16
1,МАКЕДОНСКИ БРОД,0231,157,98
1,МАКЕДОНСКИ БРОД,0232,45,25
1,МАКЕДОНСКИ БРОД,0233,137,98
1,МАКЕДОНСКИ БРОД,0234,29,10
1,МАКЕДОНСКИ БРОД,0235,14,9
1,МАКЕДОНСКИ БРОД,0236,10,2
1,МАКЕДОНСКИ БРОД,0237,14,5
1,МАКЕДОНСКИ БРОД,0238,44,33
1,МАКЕДОНСКИ БРОД,0239,7,2
1,МАКЕДОНСКИ БРОД,0240,109,62
1,МАКЕДОНСКИ БРОД,0241,20,11
1,МАКЕДОНСКИ БРОД,0242,18,10
1,МАКЕДОНСКИ БРОД,0243,13,8
1,МАКЕДОНСКИ БРОД,0244,100,77
1,МАКЕДОНСКИ БРОД,0245,9,8
1,МАКЕДОНСКИ БРОД,0246,15,5
1,МАКЕДОНСКИ БРОД,0247,540,397
1,МАКЕДОНСКИ БРОД,0248,687,520
1,МАКЕДОНСКИ БРОД,0249,660,490
1,МАКЕДОНСКИ БРОД,0250,6,2
1,МАКЕДОНСКИ БРОД,0251,20,11
1,МАКЕДОНСКИ БРОД,0252,38,15
1,МАКЕДОНСКИ БРОД,0253,27,20
1,МАКЕДОНСКИ БРОД,0254,51,29
1,МАКЕДОНСКИ БРОД,0255,149,92
1,МАКЕДОНСКИ БРОД,0256,6,4
1,МАКЕДОНСКИ БРОД,0257,67,45
1,МАКЕДОНСКИ БРОД,0258,31,9
1,МАКЕДОНСКИ БРОД,0259,281,213
1,МАКЕДОНСКИ БРОД,0260,34,28
1,МАКЕДОНСКИ БРОД,0261,1,1
1,МАКЕДОНСКИ БРОД,0262,49,23
1,МАКЕДОНСКИ БРОД,0263,15,12
1,МАКЕДОНСКИ БРОД,0264,14,6
1,МАКЕДОНСКИ БРОД,0265,7,3
1,МАКЕДОНСКИ БРОД,0266,5,0
1,МАКЕДОНСКИ БРОД,0267,23,15
1,МАКЕДОНСКИ БРОД,0268,15,8
1,МАКЕДОНСКИ БРОД,0269,1,0
1,МАКЕДОНСКИ БРОД,0270,40,31
1,МАКЕДОНСКИ БРОД,0271,11,4
1,МАКЕДОНСКИ БРОД,0272,24,7
1,МАКЕДОНСКИ БРОД,0273,10,4
1,МАКЕДОНСКИ БРОД,0274,8,3
1,МАКЕДОНСКИ БРОД,0247/1,634,477
1,МАКЕДОНСКИ БРОД,0248/1,621,446
1,МАКЕДОНСКИ БРОД,ЗРД-1759,4,0
1,САРАЈ,2428,601,380
1,САРАЈ,2429,389,208
1,САРАЈ,2430,841,482
1,САРАЈ,2431,795,454
1,САРАЈ,2432,1071,505
1,САРАЈ,2433,636,320
1,САРАЈ,2434,679,359
1,САРАЈ,2435,963,456
1,САРАЈ,2436,904,489
1,САРАЈ,2437,949,490
1,САРАЈ,2438,871,623
1,САРАЈ,2439,1007,672
1,САРАЈ,2440,388,268
1,САРАЈ,2441,897,439
1,САРАЈ,2442,742,338
1,САРАЈ,2443,298,120
1,САРАЈ,2444,200,105
1,САРАЈ,2445,938,375
1,САРАЈ,2446,1131,472
1,САРАЈ,2447,524,240
1,САРАЈ,2448,548,242
1,САРАЈ,2449,522,241
1,САРАЈ,2450,976,572
1,САРАЈ,2451,830,449
1,САРАЈ,2452,977,567
1,САРАЈ,2453,829,502
1,САРАЈ,2454,910,570
1,САРАЈ,2455,685,400
1,САРАЈ,2456,110,29
1,САРАЈ,2457,961,345
1,САРАЈ,2458,605,205
1,САРАЈ,2459,237,105
1,САРАЈ,2460,647,344
1,САРАЈ,2461,1069,623
1,САРАЈ,2428/1,680,380
1,САРАЈ,2430/1,657,371
1,САРАЈ,2431/1,537,279
1,САРАЈ,2433/1,675,344
1,САРАЈ,2434/1,581,355
1,САРАЈ,2435/1,740,322
1,САРАЈ,2438/1,660,451
1,САРАЈ,2447/1,649,356
1,САРАЈ,2451/1,673,305
1,САРАЈ,2452/1,502,277
1,САРАЈ,2458/1,474,165
1,САРАЈ,2460/1,605,335
1,САРАЈ,ЗРД-0116,43,0
1,СОПИШТЕ,2412,38,10
1,СОПИШТЕ,2413,296,92
1,СОПИШТЕ,2414,43,27
1,СОПИШТЕ,2415,559,310
1,СОПИШТЕ,2416,640,402
1,СОПИШТЕ,2417,8,2
1,СОПИШТЕ,2418,3,1
1,СОПИШТЕ,2419,561,351
1,СОПИШТЕ,2420,240,140
1,СОПИШТЕ,2421,320,196
1,СОПИШТЕ,2422,482,302
1,СОПИШТЕ,2423,672,451
1,СОПИШТЕ,2424,475,226
1,СОПИШТЕ,2423/1,795,546
1,СОПИШТЕ,ЗРД-2054,0,0
1,СТУДЕНИЧАНИ,2341,717,447
1,СТУДЕНИЧАНИ,2342,29,11
1,СТУДЕНИЧАНИ,2343,120,50
1,СТУДЕНИЧАНИ,2344,72,33
1,СТУДЕНИЧАНИ,2345,584,358
1,СТУДЕНИЧАНИ,2346,565,361
1,СТУДЕНИЧАНИ,2347,578,360
1,СТУДЕНИЧАНИ,2348,784,423
1,СТУДЕНИЧАНИ,2349,799,346
1,СТУДЕНИЧАНИ,2350,756,251
1,СТУДЕНИЧАНИ,2351,832,322
1,СТУДЕНИЧАНИ,2352,444,212
1,СТУДЕНИЧАНИ,2353,730,372
1,СТУДЕНИЧАНИ,2354,206,53
1,СТУДЕНИЧАНИ,2355,304,131
1,СТУДЕНИЧАНИ,2356,42,15
1,СТУДЕНИЧАНИ,2357,28,10
1,СТУДЕНИЧАНИ,2358,897,295
1,СТУДЕНИЧАНИ,2359,614,167
1,СТУДЕНИЧАНИ,2360,81,22
1,СТУДЕНИЧАНИ,2361,275,73
1,СТУДЕНИЧАНИ,2341/1,516,278
1,СТУДЕНИЧАНИ,2345/1,556,351
1,СТУДЕНИЧАНИ,2346/1,561,355
1,СТУДЕНИЧАНИ,2347/1,684,454
1,СТУДЕНИЧАНИ,2348/1,748,441
1,СТУДЕНИЧАНИ,2349/1,745,309
1,СТУДЕНИЧАНИ,2350/1,775,296
1,СТУДЕНИЧАНИ,2351/1,868,296
1,СТУДЕНИЧАНИ,2353/1,700,339
1,СТУДЕНИЧАНИ,2359/1,576,163
1,СТУДЕНИЧАНИ,ЗРД-2151,25,0
1,ЦЕНТАР,2796,579,305
1,ЦЕНТАР,2797,472,291
1,ЦЕНТАР,2798,424,251
1,ЦЕНТАР,2799,802,434
1,ЦЕНТАР,2800,864,443
1,ЦЕНТАР,2801,836,432
1,ЦЕНТАР,2802,918,483
1,ЦЕНТАР,2803,510,267
1,ЦЕНТАР,2804,451,237
1,ЦЕНТАР,2805,660,360
1,ЦЕНТАР,2806,496,266
1,ЦЕНТАР,2807,758,406
1,ЦЕНТАР,2808,708,379
1,ЦЕНТАР,2809,437,242
1,ЦЕНТАР,2810,675,360
1,ЦЕНТАР,2811,630,332
1,ЦЕНТАР,2812,523,297
1,ЦЕНТАР,2813,543,282
1,ЦЕНТАР,2814,359,175
1,ЦЕНТАР,2815,354,201
1,ЦЕНТАР,2816,431,223
1,ЦЕНТАР,2817,567,289
1,ЦЕНТАР,2818,303,166
1,ЦЕНТАР,2796/1,551,280
1,ЦЕНТАР,2797/1,512,322
1,ЦЕНТАР,2805/1,625,331
1,ЦЕНТАР,2806/1,509,289
1,ЦЕНТАР,2822,219,84
1,ЦЕНТАР,2828,924,433
1,ЦЕНТАР,2830,632,317
1,ЦЕНТАР,2831,667,314
1,ЦЕНТАР,2832,802,410
1,ЦЕНТАР,2833,483,237
1,ЦЕНТАР,2834,453,262
1,ЦЕНТАР,2835,364,183
1,ЦЕНТАР,2836,323,171
1,ЦЕНТАР,2837,232,126
1,ЦЕНТАР,2838,240,131
1,ЦЕНТАР,2839,579,318
1,ЦЕНТАР,2840,183,98
1,ЦЕНТАР,2841,364,174
1,ЦЕНТАР,2842,789,425
1,ЦЕНТАР,2843,565,341
1,ЦЕНТАР,2844,718,389
1,ЦЕНТАР,2845,926,504
1,ЦЕНТАР,2846,991,527
1,ЦЕНТАР,2847,648,375
1,ЦЕНТАР,2848,326,181
1,ЦЕНТАР,2849,433,250
1,ЦЕНТАР,2850,427,233
1,ЦЕНТАР,2851,385,241
1,ЦЕНТАР,2852,266,145
1,ЦЕНТАР,2853,303,151
1,ЦЕНТАР,2854,633,306
1,ЦЕНТАР,2855,750,406
1,ЦЕНТАР,2856,689,374
1,ЦЕНТАР,2857,625,321
1,ЦЕНТАР,2858,257,141
1,ЦЕНТАР,2859,339,190
1,ЦЕНТАР,2860,936,475
1,ЦЕНТАР,2861,636,366
1,ЦЕНТАР,2862,767,415
1,ЦЕНТАР,2863,549,263
1,ЦЕНТАР,2864,401,238
1,ЦЕНТАР,2865,678,400
1,ЦЕНТАР,2866,650,325
1,ЦЕНТАР,2867,606,322
1,ЦЕНТАР,2868,524,289
1,ЦЕНТАР,2842/1,788,401
1,ЦЕНТАР,2843/1,649,350
1,ЦЕНТАР,2844/1,640,352
1,ЦЕНТАР,2847/1,515,287
1,ЦЕНТАР,2861/1,697,362
1,ЦЕНТАР,2867/1,416,218
1,ЦЕНТАР,2870,661,286
1,ЦЕНТАР,2871,569,243
1,ЦЕНТАР,2870/1,489,210
1,ЦЕНТАР,2871/1,453,183
1,ЦЕНТАР,ЗРД-0060,56,0
1,ЧАИР,2819,460,228
1,ЧАИР,2820,530,254
1,ЧАИР,2821,433,208
1,ЧАИР,2819/1,539,265
1,ЧАИР,2823,455,219
1,ЧАИР,2824,996,458
1,ЧАИР,2825,671,340
1,ЧАИР,2826,593,270
1,ЧАИР,2827,1003,459
1,ЧАИР,2826/1,579,298
1,ЧАИР,2829,609,296
1,ЧАИР,2829/1,666,383
1,ЧАИР,2869,557,285
1,ЧАИР,2869/1,593,313
1,ЧАИР,2872,851,317
1,ЧАИР,2873,522,143
1,ЧАИР,2874,617,155
1,ЧАИР,2875,833,343
1,ЧАИР,2876,593,262
1,ЧАИР,2877,574,272
1,ЧАИР,2878,870,425
1,ЧАИР,2879,696,379
1,ЧАИР,2880,838,433
1,ЧАИР,2881,623,344
1,ЧАИР,2882,661,334
1,ЧАИР,2883,439,230
1,ЧАИР,2884,515,342
1,ЧАИР,2885,947,501
1,ЧАИР,2886,533,290
1,ЧАИР,2887,539,330
1,ЧАИР,2888,558,255
1,ЧАИР,2889,494,53
1,ЧАИР,2890,781,444
1,ЧАИР,2891,830,465
1,ЧАИР,2892,958,510
1,ЧАИР,2893,485,255
1,ЧАИР,2894,870,430
1,ЧАИР,2895,945,482
1,ЧАИР,2896,671,418
1,ЧАИР,2897,754,388
1,ЧАИР,2898,824,411
1,ЧАИР,2873/1,531,90
1,ЧАИР,2874/1,687,215
1,ЧАИР,2876/1,531,231
1,ЧАИР,2877/1,570,314
1,ЧАИР,2884/1,545,328
1,ЧАИР,2886/1,503,269
1,ЧАИР,2887/1,625,325
1,ЧАИР,2888/1,558,303
1,ЧАИР,2889/1,533,24
1,ЧАИР,2893/1,521,281
1,ЧАИР,ЗРД-0078,80,0
2,АРАЧИНОВО,2333/1,737,350
2,АРАЧИНОВО,2334/1,510,196
2,АРАЧИНОВО,2335/1,723,341
2,АРАЧИНОВО,2336/1,684,376
2,АРАЧИНОВО,2337/1,756,388
2,АРАЧИНОВО,2333,609,326
2,АРАЧИНОВО,2334,856,438
2,АРАЧИНОВО,2335,700,329
2,АРАЧИНОВО,2336,940,468
2,АРАЧИНОВО,2337,779,352
2,АРАЧИНОВО,2338,745,369
2,АРАЧИНОВО,2339,739,318
2,АРАЧИНОВО,2340,985,371
2,АРАЧИНОВО,ЗРД-1015,28,0
2,БУТЕЛ,2904,684,360
2,БУТЕЛ,2905,495,282
2,БУТЕЛ,2906,888,472
2,БУТЕЛ,2907,514,275
2,БУТЕЛ,2908,1011,490
2,БУТЕЛ,2909,483,254
2,БУТЕЛ,2910,577,289
2,БУТЕЛ,2911,480,259
2,БУТЕЛ,2912,918,450
2,БУТЕЛ,2913,967,452
2,БУТЕЛ,2914,555,283
2,БУТЕЛ,2915,1110,608
2,БУТЕЛ,2904/1,745,385
2,БУТЕЛ,2905/1,537,318
2,БУТЕЛ,2907/1,547,298
2,БУТЕЛ,2909/1,499,259
2,БУТЕЛ,2911/1,478,250
2,БУТЕЛ,2914/1,542,279
2,БУТЕЛ,2915/1,1095,558
2,БУТЕЛ,2918,570,222
2,БУТЕЛ,2919,570,305
2,БУТЕЛ,2920,525,244
2,БУТЕЛ,2921,512,248
2,БУТЕЛ,2918/1,555,203
2,БУТЕЛ,2919/1,558,262
2,БУТЕЛ,2920/1,559,242
2,БУТЕЛ,2921/1,521,256
2,БУТЕЛ,2923,1018,478
2,БУТЕЛ,2929,901,488
2,БУТЕЛ,2930,946,475
2,БУТЕЛ,2931,784,406
2,БУТЕЛ,2932,918,405
2,БУТЕЛ,2933,548,283
2,БУТЕЛ,2946,861,424
2,БУТЕЛ,2947,913,466
2,БУТЕЛ,2948,981,518
2,БУТЕЛ,2949,911,499
2,БУТЕЛ,2950,758,411
2,БУТЕЛ,2951,663,371
2,БУТЕЛ,2952,904,645
2,БУТЕЛ,2953,961,620
2,БУТЕЛ,2954,1081,698
2,БУТЕЛ,2948/1,1055,483
2,БУТЕЛ,2950/1,867,481
2,БУТЕЛ,2951/1,690,394
2,БУТЕЛ,ЗРД-0108,23,0
2,ГАЗИ БАБА,2332,359,248
2,ГАЗИ БАБА,2476,548,278
2,ГАЗИ БАБА,2477,658,370
2,ГАЗИ БАБА,2478,695,387
2,ГАЗИ БАБА,2479,392,209
2,ГАЗИ БАБА,2480,888,482
2,ГАЗИ БАБА,2481,523,273
2,ГАЗИ БАБА,2482,582,303
2,ГАЗИ БАБА,2483,339,197
2,ГАЗИ БАБА,2484,325,167
2,ГАЗИ БАБА,2485,588,341
2,ГАЗИ БАБА,2486,739,385
2,ГАЗИ БАБА,2487,594,288
2,ГАЗИ БАБА,2488,335,176
2,ГАЗИ БАБА,2489,696,400
2,ГАЗИ БАБА,2490,611,337
2,ГАЗИ БАБА,2491,922,548
2,ГАЗИ БАБА,2492,891,425
2,ГАЗИ БАБА,2493,547,230
2,ГАЗИ БАБА,2494,321,173
2,ГАЗИ БАБА,2495,964,458
2,ГАЗИ БАБА,2496,472,265
2,ГАЗИ БАБА,2497,647,327
2,ГАЗИ БАБА,2498,995,591
2,ГАЗИ БАБА,2499,536,305
2,ГАЗИ БАБА,2500,631,305
2,ГАЗИ БАБА,2501,862,375
2,ГАЗИ БАБА,2502,525,212
2,ГАЗИ БАБА,2503,491,220
2,ГАЗИ БАБА,2504,688,362
2,ГАЗИ БАБА,2505,449,199
2,ГАЗИ БАБА,2506,672,310
2,ГАЗИ БАБА,2507,481,235
2,ГАЗИ БАБА,2508,853,374
2,ГАЗИ БАБА,2509,587,276
2,ГАЗИ БАБА,2510,499,243
2,ГАЗИ БАБА,2511,557,226
2,ГАЗИ БАБА,2512,1087,548
2,ГАЗИ БАБА,2513,954,457
2,ГАЗИ БАБА,2514,739,363
2,ГАЗИ БАБА,2515,770,380
2,ГАЗИ БАБА,2516,673,310
2,ГАЗИ БАБА,2517,881,411
2,ГАЗИ БАБА,2518,461,249
2,ГАЗИ БАБА,2519,533,242
2,ГАЗИ БАБА,2520,644,314
2,ГАЗИ БАБА,2521,842,385
2,ГАЗИ БАБА,2522,815,384
2,ГАЗИ БАБА,2523,750,372
2,ГАЗИ БАБА,2524,924,468
2,ГАЗИ БАБА,2525,585,310
2,ГАЗИ БАБА,2526,808,382
2,ГАЗИ БАБА,2527,777,371
2,ГАЗИ БАБА,2528,512,255
2,ГАЗИ БАБА,2529,835,413
2,ГАЗИ БАБА,2530,859,468
2,ГАЗИ БАБА,2531,496,274
2,ГАЗИ БАБА,2532,960,467
2,ГАЗИ БАБА,2533,995,511
2,ГАЗИ БАБА,2534,894,477
2,ГАЗИ БАБА,2535,842,508
2,ГАЗИ БАБА,2536,830,407
2,ГАЗИ БАБА,2537,748,360
2,ГАЗИ БАБА,2538,656,343
2,ГАЗИ БАБА,2539,630,339
2,ГАЗИ БАБА,2540,573,275
2,ГАЗИ БАБА,2541,996,473
2,ГАЗИ БАБА,2542,778,380
2,ГАЗИ БАБА,2543,961,444
2,ГАЗИ БАБА,2544,636,334
2,ГАЗИ БАБА,2545,894,530
2,ГАЗИ БАБА,2546,884,495
2,ГАЗИ БАБА,2547,746,417
2,ГАЗИ БАБА,2548,862,625
2,ГАЗИ БАБА,2549,248,191
2,ГАЗИ БАБА,2550,273,181
2,ГАЗИ БАБА,2551,928,633
2,ГАЗИ БАБА,2552,349,240
2,ГАЗИ БАБА,2476/1,398,197
2,ГАЗИ БАБА,2493/1,522,216
2,ГАЗИ БАБА,2499/1,614,336
2,ГАЗИ БАБА,2503/1,577,266
2,ГАЗИ БАБА,2507/1,626,270
2,ГАЗИ БАБА,2509/1,498,258
2,ГАЗИ БАБА,2510/1,562,247
2,ГАЗИ БАБА,2511/1,593,240
2,ГАЗИ БАБА,2514/1,719,369
2,ГАЗИ БАБА,2515/1,360,164
2,ГАЗИ БАБА,2531/1,426,233
2,ГАЗИ БАБА,2538/1,870,529
2,ГАЗИ БАБА,2539/1,785,448
2,ГАЗИ БАБА,2540/1,587,317
2,ГАЗИ БАБА,ЗРД-0027,94,0
2,ЃОРЧЕ ПЕТРОВ,2553,590,308
2,ЃОРЧЕ ПЕТРОВ,2554,619,345
2,ЃОРЧЕ ПЕТРОВ,2555,890,490
2,ЃОРЧЕ ПЕТРОВ,2556,1010,536
2,ЃОРЧЕ ПЕТРОВ,2557,856,495
2,ЃОРЧЕ ПЕТРОВ,2558,836,524
2,ЃОРЧЕ ПЕТРОВ,2559,973,524
2,ЃОРЧЕ ПЕТРОВ,2560,475,252
2,ЃОРЧЕ ПЕТРОВ,2561,801,365
2,ЃОРЧЕ ПЕТРОВ,2562,863,391
2,ЃОРЧЕ ПЕТРОВ,2563,781,416
2,ЃОРЧЕ ПЕТРОВ,2564,811,437
2,ЃОРЧЕ ПЕТРОВ,2565,664,317
2,ЃОРЧЕ ПЕТРОВ,2566,702,360
2,ЃОРЧЕ ПЕТРОВ,2567,1039,624
2,ЃОРЧЕ ПЕТРОВ,2568,826,405
2,ЃОРЧЕ ПЕТРОВ,2569,826,468
2,ЃОРЧЕ ПЕТРОВ,2570,807,445
2,ЃОРЧЕ ПЕТРОВ,2571,552,282
2,ЃОРЧЕ ПЕТРОВ,2572,521,275
2,ЃОРЧЕ ПЕТРОВ,2573,955,498
2,ЃОРЧЕ ПЕТРОВ,2574,446,220
2,ЃОРЧЕ ПЕТРОВ,2575,943,491
2,ЃОРЧЕ ПЕТРОВ,2576,675,339
2,ЃОРЧЕ ПЕТРОВ,2577,918,488
2,ЃОРЧЕ ПЕТРОВ,2578,961,522
2,ЃОРЧЕ ПЕТРОВ,2579,484,245
2,ЃОРЧЕ ПЕТРОВ,2580,543,298
2,ЃОРЧЕ ПЕТРОВ,2581,574,286
2,ЃОРЧЕ ПЕТРОВ,2582,701,313
2,ЃОРЧЕ ПЕТРОВ,2583,765,393
2,ЃОРЧЕ ПЕТРОВ,2584,928,554
2,ЃОРЧЕ ПЕТРОВ,2585,256,164
2,ЃОРЧЕ ПЕТРОВ,2586,182,86
2,ЃОРЧЕ ПЕТРОВ,2587,989,468
2,ЃОРЧЕ ПЕТРОВ,2588,1021,530
2,ЃОРЧЕ ПЕТРОВ,2589,724,349
2,ЃОРЧЕ ПЕТРОВ,2590,851,439
2,ЃОРЧЕ ПЕТРОВ,2591,288,163
2,ЃОРЧЕ ПЕТРОВ,2553/1,407,215
2,ЃОРЧЕ ПЕТРОВ,2554/1,825,427
2,ЃОРЧЕ ПЕТРОВ,2560/1,559,287
2,ЃОРЧЕ ПЕТРОВ,2571/1,669,372
2,ЃОРЧЕ ПЕТРОВ,2572/1,674,376
2,ЃОРЧЕ ПЕТРОВ,2574/1,522,274
2,ЃОРЧЕ ПЕТРОВ,2576/1,625,331
2,ЃОРЧЕ ПЕТРОВ,2579/1,637,311
2,ЃОРЧЕ ПЕТРОВ,2580/1,572,270
2,ЃОРЧЕ ПЕТРОВ,2581/1,573,308
2,ЃОРЧЕ ПЕТРОВ,2582/1,643,315
2,ЃОРЧЕ ПЕТРОВ,2587/1,1005,479
2,ЃОРЧЕ ПЕТРОВ,2588/1,908,456
2,ЃОРЧЕ ПЕТРОВ,2590/1,834,435
2,ЃОРЧЕ ПЕТРОВ,ЗРД-0035,43,0
2,КУМАНОВО,0995,472,182
2,КУМАНОВО,0996,601,302
2,КУМАНОВО,0997,459,221
2,КУМАНОВО,0998,524,190
2,КУМАНОВО,0999,861,329
2,КУМАНОВО,1000,618,282
2,КУМАНОВО,1001,779,329
2,КУМАНОВО,1002,469,216
2,КУМАНОВО,1003,486,246
2,КУМАНОВО,1004,596,359
2,КУМАНОВО,1005,401,230
2,КУМАНОВО,1006,718,455
2,КУМАНОВО,1007,986,509
2,КУМАНОВО,1008,603,320
2,КУМАНОВО,1009,394,221
2,КУМАНОВО,1010,579,300
2,КУМАНОВО,1011,295,140
2,КУМАНОВО,1012,554,299
2,КУМАНОВО,1013,494,241
2,КУМАНОВО,1014,531,255
2,КУМАНОВО,1015,627,310
2,КУМАНОВО,1016,752,442
2,КУМАНОВО,1017,588,202
2,КУМАНОВО,1018,841,262
2,КУМАНОВО,1019,500,224
2,КУМАНОВО,1020,595,241
2,КУМАНОВО,1021,897,457
2,КУМАНОВО,1022,685,314
2,КУМАНОВО,1023,389,198
2,КУМАНОВО,1024,654,286
2,КУМАНОВО,1025,720,335
2,КУМАНОВО,1026,558,303
2,КУМАНОВО,1027,533,281
2,КУМАНОВО,1028,914,444
2,КУМАНОВО,1029,898,373
2,КУМАНОВО,1030,863,444
2,КУМАНОВО,1031,437,214
2,КУМАНОВО,1032,555,273
2,КУМАНОВО,1033,807,431
2,КУМАНОВО,1034,981,368
2,КУМАНОВО,1035,379,176
2,КУМАНОВО,1036,782,365
2,КУМАНОВО,1037,867,331
2,КУМАНОВО,1038,931,418
2,КУМАНОВО,1039,490,218
2,КУМАНОВО,1040,757,353
2,КУМАНОВО,1041,673,290
2,КУМАНОВО,1042,760,324
2,КУМАНОВО,1043,776,415
2,КУМАНОВО,1044,986,512
2,КУМАНОВО,1045,522,261
2,КУМАНОВО,1046,570,304
2,КУМАНОВО,1047,574,330
2,КУМАНОВО,1048,535,260
2,КУМАНОВО,1049,556,302
2,КУМАНОВО,1050,581,299
2,КУМАНОВО,1051,1131,671
2,КУМАНОВО,1052,717,401
2,КУМАНОВО,1053,780,432
2,КУМАНОВО,1054,425,204
2,КУМАНОВО,1055,958,533
2,КУМАНОВО,1056,668,366
2,КУМАНОВО,1057,679,368
2,КУМАНОВО,1058,898,524
2,КУМАНОВО,1059,852,547
2,КУМАНОВО,1060,668,329
2,КУМАНОВО,1061,788,428
2,КУМАНОВО,1062,885,448
2,КУМАНОВО,1063,682,367
2,КУМАНОВО,1064,574,170
2,КУМАНОВО,1065,761,331
2,КУМАНОВО,1066,861,362
2,КУМАНОВО,1067,545,229
2,КУМАНОВО,1068,910,466
2,КУМАНОВО,1069,656,377
2,КУМАНОВО,1070,585,350
2,КУМАНОВО,1071,676,300
2,КУМАНОВО,1072,557,246
2,КУМАНОВО,1073,408,252
2,КУМАНОВО,1074,1023,580
2,КУМАНОВО,1075,543,317
2,КУМАНОВО,1076,447,283
2,КУМАНОВО,1077,577,328
2,КУМАНОВО,1078,627,254
2,КУМАНОВО,1079,772,374
2,КУМАНОВО,1080,538,262
2,КУМАНОВО,1081,164,47
2,КУМАНОВО,1082,24,6
2,КУМАНОВО,1083,16,4
2,КУМАНОВО,1084,270,106
2,КУМАНОВО,1085,718,191
2,КУМАНОВО,1086,1006,584
2,КУМАНОВО,1087,600,333
2,КУМАНОВО,1088,752,169
2,КУМАНОВО,1089,554,28
2,КУМАНОВО,1090,46,28
2,КУМАНОВО,1091,717,349
2,КУМАНОВО,1092,87,10
2,КУМАНОВО,1093,15,3
2,КУМАНОВО,1094,218,117
2,КУМАНОВО,1095,554,347
2,КУМАНОВО,1096,223,179
2,КУМАНОВО,1097,741,324
2,КУМАНОВО,1098,534,70
2,КУМАНОВО,1099,215,126
2,КУМАНОВО,1100,300,209
2,КУМАНОВО,1101,829,368
2,КУМАНОВО,1102,730,311
2,КУМАНОВО,1103,751,303
2,КУМАНОВО,1104,35,17
2,КУМАНОВО,0995/1,563,233
2,КУМАНОВО,1000/1,543,228
2,КУМАНОВО,1001/1,562,277
2,КУМАНОВО,1006/1,571,326
2,КУМАНОВО,1008/1,774,427
2,КУМАНОВО,1009/1,714,402
2,КУМАНОВО,1010/1,580,303
2,КУМАНОВО,1011/1,919,496
2,КУМАНОВО,1013/1,490,243
2,КУМАНОВО,1014/1,602,320
2,КУМАНОВО,1017/1,613,174
2,КУМАНОВО,1020/1,452,186
2,КУМАНОВО,1026/1,630,353
2,КУМАНОВО,1040/1,647,193
2,КУМАНОВО,1041/1,561,223
2,КУМАНОВО,1042/1,779,324
2,КУМАНОВО,1047/1,484,263
2,КУМАНОВО,1048/1,640,256
2,КУМАНОВО,1049/1,526,249
2,КУМАНОВО,1050/1,587,326
2,КУМАНОВО,1051/1,1077,612
2,КУМАНОВО,1055/1,908,479
2,КУМАНОВО,1057/1,743,410
2,КУМАНОВО,1058/1,552,299
2,КУМАНОВО,1059/1,1030,644
2,КУМАНОВО,1060/1,584,311
2,КУМАНОВО,1061/1,841,391
2,КУМАНОВО,1064/1,450,221
2,КУМАНОВО,1078/1,539,250
2,КУМАНОВО,1079/1,282,26
2,КУМАНОВО,1080/1,501,290
2,КУМАНОВО,1086/1,1094,638
2,КУМАНОВО,1087/1,747,406
2,КУМАНОВО,1091/1,671,325
2,КУМАНОВО,1097/1,579,203
2,КУМАНОВО,1098/1,672,321
2,КУМАНОВО,1101/1,385,164
2,КУМАНОВО,1102/1,545,285
2,КУМАНОВО,1103/1,496,188
2,КУМАНОВО,ЗРД-1678,124,0
2,ЛИПКОВО,1105,945,452
2,ЛИПКОВО,1106,911,433
2,ЛИПКОВО,1107,230,93
2,ЛИПКОВО,1108,907,400
2,ЛИПКОВО,1109,612,321
2,ЛИПКОВО,1110,84,36
2,ЛИПКОВО,1111,645,272
2,ЛИПКОВО,1112,543,252
2,ЛИПКОВО,1113,713,296
2,ЛИПКОВО,1114,957,425
2,ЛИПКОВО,1115,1018,509
2,ЛИПКОВО,1116,951,424
2,ЛИПКОВО,1117,1028,483
2,ЛИПКОВО,1118,983,459
2,ЛИПКОВО,1119,866,337
2,ЛИПКОВО,1120,679,243
2,ЛИПКОВО,1121,711,265
2,ЛИПКОВО,1122,185,2
2,ЛИПКОВО,1123,71,1
2,ЛИПКОВО,1124,1095,535
2,ЛИПКОВО,1125,701,360
2,ЛИПКОВО,1126,1076,540
2,ЛИПКОВО,1127,1033,382
2,ЛИПКОВО,1128,591,206
2,ЛИПКОВО,1129,810,266
2,ЛИПКОВО,1130,620,243
2,ЛИПКОВО,1111/1,623,268
2,ЛИПКОВО,1112/1,680,362
2,ЛИПКОВО,1113/1,756,345
2,ЛИПКОВО,1119/1,610,356
2,ЛИПКОВО,1120/1,814,304
2,ЛИПКОВО,1121/1,542,265
2,ЛИПКОВО,1125/1,604,275
2,ЛИПКОВО,1128/1,747,277
2,ЛИПКОВО,1129/1,649,263
2,ЛИПКОВО,1130/1,647,219
2,ЛИПКОВО,ЗРД-1694,29,0
2,СТАРО НАГОРИЧАНЕ,1156,432,260
2,СТАРО НАГОРИЧАНЕ,1157,320,212
2,СТАРО НАГОРИЧАНЕ,1158,80,48
2,СТАРО НАГОРИЧАНЕ,1159,33,14
2,СТАРО НАГОРИЧАНЕ,1160,40,17
2,СТАРО НАГОРИЧАНЕ,1161,9,6
2,СТАРО НАГОРИЧАНЕ,1162,14,4
2,СТАРО НАГОРИЧАНЕ,1163,40,8
2,СТАРО НАГОРИЧАНЕ,1164,34,14
2,СТАРО НАГОРИЧАНЕ,1165,55,22
2,СТАРО НАГОРИЧАНЕ,1166,5,2
2,СТАРО НАГОРИЧАНЕ,1167,41,18
2,СТАРО НАГОРИЧАНЕ,1168,33,11
2,СТАРО НАГОРИЧАНЕ,1169,56,27
2,СТАРО НАГОРИЧАНЕ,1170,55,26
2,СТАРО НАГОРИЧАНЕ,1171,62,32
2,СТАРО НАГОРИЧАНЕ,1172,20,4
2,СТАРО НАГОРИЧАНЕ,1173,56,14
2,СТАРО НАГОРИЧАНЕ,1174,27,12
2,СТАРО НАГОРИЧАНЕ,1175,48,19
2,СТАРО НАГОРИЧАНЕ,1176,114,61
2,СТАРО НАГОРИЧАНЕ,1177,30,25
2,СТАРО НАГОРИЧАНЕ,1178,445,277
2,СТАРО НАГОРИЧАНЕ,1179,63,31
2,СТАРО НАГОРИЧАНЕ,1180,153,90
2,СТАРО НАГОРИЧАНЕ,1181,118,59
2,СТАРО НАГОРИЧАНЕ,1182,135,69
2,СТАРО НАГОРИЧАНЕ,1183,222,107
2,СТАРО НАГОРИЧАНЕ,1184,50,21
2,СТАРО НАГОРИЧАНЕ,1185,29,14
2,СТАРО НАГОРИЧАНЕ,1186,98,50
2,СТАРО НАГОРИЧАНЕ,ЗРД-2127,9,0
2,ЧАИР,2899,920,497
2,ЧАИР,2900,617,346
2,ЧАИР,2901,674,308
2,ЧАИР,2902,652,302
2,ЧАИР,2903,1027,536
2,ЧАИР,2900/1,557,285
2,ЧАИР,2916,556,278
2,ЧАИР,2917,520,261
2,ЧАИР,2916/1,521,264
2,ЧАИР,2917/1,522,234
2,ЧАИР,2922,555,282
2,ЧАИР,2922/1,583,267
2,ЧАИР,2924,1001,483
2,ЧАИР,2925,1003,445
2,ЧАИР,2926,854,369
2,ЧАИР,2927,939,481
2,ЧАИР,2928,1063,508
2,ЧАИР,2934,562,321
2,ЧАИР,2935,597,309
2,ЧАИР,2936,640,363
2,ЧАИР,2937,721,434
2,ЧАИР,2938,862,430
2,ЧАИР,2939,645,306
2,ЧАИР,2940,877,462
2,ЧАИР,2941,518,236
2,ЧАИР,2942,631,301
2,ЧАИР,2943,631,294
2,ЧАИР,2944,775,342
2,ЧАИР,2945,1090,545
2,ЧАИР,2934/1,627,324
2,ЧАИР,2935/1,501,226
2,ЧАИР,2936/1,697,424
2,ЧАИР,2937/1,619,328
2,ЧАИР,2939/1,524,250
2,ЧАИР,2941/1,450,192
2,ЧАИР,ЗРД-0078/1,33,0
2,ЧУЧЕР - САНДЕВО,2462,378,221
2,ЧУЧЕР - САНДЕВО,2463,66,41
2,ЧУЧЕР - САНДЕВО,2464,376,215
2,ЧУЧЕР - САНДЕВО,2465,319,204
2,ЧУЧЕР - САНДЕВО,2466,434,311
2,ЧУЧЕР - САНДЕВО,2467,503,267
2,ЧУЧЕР - САНДЕВО,2468,551,283
2,ЧУЧЕР - САНДЕВО,2469,842,480
2,ЧУЧЕР - САНДЕВО,2470,678,320
2,ЧУЧЕР - САНДЕВО,2471,767,391
2,ЧУЧЕР - САНДЕВО,2472,514,326
2,ЧУЧЕР - САНДЕВО,2473,1007,361
2,ЧУЧЕР - САНДЕВО,2474,672,219
2,ЧУЧЕР - САНДЕВО,2475,605,270
2,ЧУЧЕР - САНДЕВО,ЗРД-2259,14,0
2,ШУТО ОРИЗАРИ,2955,688,371
2,ШУТО ОРИЗАРИ,2956,989,489
2,ШУТО ОРИЗАРИ,2957,616,156
2,ШУТО ОРИЗАРИ,2958,586,157
2,ШУТО ОРИЗАРИ,2959,644,269
2,ШУТО ОРИЗАРИ,2960,699,199
2,ШУТО ОРИЗАРИ,2961,658,168
2,ШУТО ОРИЗАРИ,2962,577,201
2,ШУТО ОРИЗАРИ,2963,710,242
2,ШУТО ОРИЗАРИ,2964,570,182
2,ШУТО ОРИЗАРИ,2965,542,160
2,ШУТО ОРИЗАРИ,2966,680,232
2,ШУТО ОРИЗАРИ,2967,640,205
2,ШУТО ОРИЗАРИ,2968,1003,335
2,ШУТО ОРИЗАРИ,2969,668,200
2,ШУТО ОРИЗАРИ,2970,619,185
2,ШУТО ОРИЗАРИ,2971,571,176
2,ШУТО ОРИЗАРИ,2972,939,460
2,ШУТО ОРИЗАРИ,2973,377,261
2,ШУТО ОРИЗАРИ,2955/1,716,351
2,ШУТО ОРИЗАРИ,2956/1,886,405
2,ШУТО ОРИЗАРИ,2957/1,637,175
2,ШУТО ОРИЗАРИ,2958/1,584,159
2,ШУТО ОРИЗАРИ,2959/1,560,186
2,ШУТО ОРИЗАРИ,2960/1,688,189
2,ШУТО ОРИЗАРИ,2961/1,598,186
2,ШУТО ОРИЗАРИ,2962/1,632,168
2,ШУТО ОРИЗАРИ,2963/1,822,261
2,ШУТО ОРИЗАРИ,2964/1,486,135
2,ШУТО ОРИЗАРИ,2965/1,656,224
2,ШУТО ОРИЗАРИ,2966/1,673,222
2,ШУТО ОРИЗАРИ,2967/1,615,196
2,ШУТО ОРИЗАРИ,2969/1,643,179
2,ШУТО ОРИЗАРИ,2970/1,606,176
2,ШУТО ОРИЗАРИ,2971/1,547,172
2,ШУТО ОРИЗАРИ,2972/1,921,452
2,ШУТО ОРИЗАРИ,ЗРД-0086,62,0
3,БЕРОВО,0001,920,588
3,БЕРОВО,0002,946,696
3,БЕРОВО,0003,796,498
3,БЕРОВО,0004,701,441
3,БЕРОВО,0005,943,587
3,БЕРОВО,0006,748,435
3,БЕРОВО,0007,680,434
3,БЕРОВО,0008,457,342
3,БЕРОВО,0009,526,333
3,БЕРОВО,0010,571,342
3,БЕРОВО,0011,137,102
3,БЕРОВО,0012,584,289
3,БЕРОВО,0013,659,413
3,БЕРОВО,0014,842,519
3,БЕРОВО,0015,752,467
3,БЕРОВО,0016,523,355
3,БЕРОВО,ЗРД-1040,12,0
3,ВЕЛЕС,2135,830,447
3,ВЕЛЕС,2136,415,209
3,ВЕЛЕС,2137,472,271
3,ВЕЛЕС,2138,579,340
3,ВЕЛЕС,2139,861,430
3,ВЕЛЕС,2140,646,351
3,ВЕЛЕС,2141,818,435
3,ВЕЛЕС,2142,606,363
3,ВЕЛЕС,2143,460,262
3,ВЕЛЕС,2144,790,432
3,ВЕЛЕС,2145,827,472
3,ВЕЛЕС,2146,745,423
3,ВЕЛЕС,2147,609,322
3,ВЕЛЕС,2148,526,326
3,ВЕЛЕС,2149,605,405
3,ВЕЛЕС,2150,779,460
3,ВЕЛЕС,2151,767,400
3,ВЕЛЕС,2152,827,400
3,ВЕЛЕС,2153,420,251
3,ВЕЛЕС,2154,816,436
3,ВЕЛЕС,2155,680,386
3,ВЕЛЕС,2156,807,481
3,ВЕЛЕС,2157,376,234
3,ВЕЛЕС,2158,683,349
3,ВЕЛЕС,2159,551,316
3,ВЕЛЕС,2160,823,348
3,ВЕЛЕС,2161,497,275
3,ВЕЛЕС,2162,526,317
3,ВЕЛЕС,2163,760,383
3,ВЕЛЕС,2164,903,519
3,ВЕЛЕС,2165,582,280
3,ВЕЛЕС,2166,627,326
3,ВЕЛЕС,2167,719,420
3,ВЕЛЕС,2168,405,231
3,ВЕЛЕС,2169,581,315
3,ВЕЛЕС,2170,441,201
3,ВЕЛЕС,2171,855,474
3,ВЕЛЕС,2172,523,221
3,ВЕЛЕС,2173,471,233
3,ВЕЛЕС,2174,931,498
3,ВЕЛЕС,2175,337,190
3,ВЕЛЕС,2176,770,418
3,ВЕЛЕС,2177,673,399
3,ВЕЛЕС,2178,504,275
3,ВЕЛЕС,2179,595,277
3,ВЕЛЕС,2180,654,304
3,ВЕЛЕС,2181,623,321
3,ВЕЛЕС,2182,609,400
3,ВЕЛЕС,2183,168,126
3,ВЕЛЕС,2184,213,124
3,ВЕЛЕС,2185,104,78
3,ВЕЛЕС,2186,48,23
3,ВЕЛЕС,2187,105,65
3,ВЕЛЕС,2188,506,295
3,ВЕЛЕС,2189,29,4
3,ВЕЛЕС,2190,27,2
3,ВЕЛЕС,2191,237,141
3,ВЕЛЕС,2192,613,308
3,ВЕЛЕС,2193,401,222
3,ВЕЛЕС,2194,419,155
3,ВЕЛЕС,2195,657,371
3,ВЕЛЕС,2196,848,523
3,ВЕЛЕС,2197,584,321
3,ВЕЛЕС,2198,10,6
3,ВЕЛЕС,2199,373,149
3,ВЕЛЕС,2200,2,0
3,ВЕЛЕС,2201,597,343
3,ВЕЛЕС,2202,19,10
3,ВЕЛЕС,2203,254,132
3,ВЕЛЕС,2138/1,573,332
3,ВЕЛЕС,2143/1,482,265
3,ВЕЛЕС,2144/1,861,466
3,ВЕЛЕС,2146/1,692,351
3,ВЕЛЕС,2153/1,511,282
3,ВЕЛЕС,2159/1,508,290
3,ВЕЛЕС,2170/1,492,243
3,ВЕЛЕС,2172/1,458,208
3,ВЕЛЕС,2173/1,519,249
3,ВЕЛЕС,2201/1,639,391
3,ВЕЛЕС,2207,12,8
3,ВЕЛЕС,2208,878,507
3,ВЕЛЕС,2209,1033,366
3,ВЕЛЕС,2210,639,227
3,ВЕЛЕС,2210/1,506,195
3,ВЕЛЕС,ЗРД-1180,68,0
3,ВИНИЦА,0303,880,373
3,ВИНИЦА,0304,1085,435
3,ВИНИЦА,0305,767,428
3,ВИНИЦА,0306,636,403
3,ВИНИЦА,0307,906,560
3,ВИНИЦА,0308,824,478
3,ВИНИЦА,0309,924,559
3,ВИНИЦА,0310,490,236
3,ВИНИЦА,0311,637,347
3,ВИНИЦА,0312,658,380
3,ВИНИЦА,0313,857,473
3,ВИНИЦА,0314,52,25
3,ВИНИЦА,0315,521,240
3,ВИНИЦА,0316,142,86
3,ВИНИЦА,0317,348,156
3,ВИНИЦА,0318,593,287
3,ВИНИЦА,0319,597,285
3,ВИНИЦА,0320,957,485
3,ВИНИЦА,0321,68,33
3,ВИНИЦА,0322,82,53
3,ВИНИЦА,0323,95,56
3,ВИНИЦА,0324,252,118
3,ВИНИЦА,0325,491,231
3,ВИНИЦА,0326,348,216
3,ВИНИЦА,0327,469,302
3,ВИНИЦА,0328,92,47
3,ВИНИЦА,0329,70,38
3,ВИНИЦА,0330,608,273
3,ВИНИЦА,0331,611,277
3,ВИНИЦА,0332,289,107
3,ВИНИЦА,0310/1,491,274
3,ВИНИЦА,0311/1,711,407
3,ВИНИЦА,0315/1,594,258
3,ВИНИЦА,ЗРД-1201,16,0
3,ГРАДСКО,2217,140,34
3,ГРАДСКО,2218,869,607
3,ГРАДСКО,2219,511,345
3,ГРАДСКО,2220,65,37
3,ГРАДСКО,2221,11,9
3,ГРАДСКО,2222,39,20
3,ГРАДСКО,2223,26,19
3,ГРАДСКО,2224,243,83
3,ГРАДСКО,2225,524,285
3,ГРАДСКО,2226,176,111
3,ГРАДСКО,2219/1,532,346
3,ГРАДСКО,ЗРД-1295,1,0
3,ДЕЛЧЕВО,0572,669,434
3,ДЕЛЧЕВО,0573,667,429
3,ДЕЛЧЕВО,0574,645,385
3,ДЕЛЧЕВО,0575,709,384
3,ДЕЛЧЕВО,0576,551,323
3,ДЕЛЧЕВО,0577,455,253
3,ДЕЛЧЕВО,0578,661,413
3,ДЕЛЧЕВО,0579,954,536
3,ДЕЛЧЕВО,0580,878,509
3,ДЕЛЧЕВО,0581,957,539
3,ДЕЛЧЕВО,0582,575,376
3,ДЕЛЧЕВО,0583,638,401
3,ДЕЛЧЕВО,0584,353,196
3,ДЕЛЧЕВО,0585,466,245
3,ДЕЛЧЕВО,0586,259,163
3,ДЕЛЧЕВО,0587,804,441
3,ДЕЛЧЕВО,0588,665,341
3,ДЕЛЧЕВО,0589,79,56
3,ДЕЛЧЕВО,0590,620,366
3,ДЕЛЧЕВО,0591,420,262
3,ДЕЛЧЕВО,0592,44,24
3,ДЕЛЧЕВО,0593,94,48
3,ДЕЛЧЕВО,0594,78,60
3,ДЕЛЧЕВО,0595,105,67
3,ДЕЛЧЕВО,0596,45,26
3,ДЕЛЧЕВО,0597,16,5
3,ДЕЛЧЕВО,0598,19,8
3,ДЕЛЧЕВО,0599,15,10
3,ДЕЛЧЕВО,0600,31,20
3,ДЕЛЧЕВО,0601,178,78
3,ДЕЛЧЕВО,0602,76,29
3,ДЕЛЧЕВО,0603,68,39
3,ДЕЛЧЕВО,0604,189,110
3,ДЕЛЧЕВО,0577/1,435,245
3,ДЕЛЧЕВО,0582/1,584,371
3,ДЕЛЧЕВО,0583/1,661,421
3,ДЕЛЧЕВО,ЗРД-1325,18,0
3,ЗЕЛЕНИКОВО,2362,446,277
3,ЗЕЛЕНИКОВО,2363,792,429
3,ЗЕЛЕНИКОВО,2364,121,68
3,ЗЕЛЕНИКОВО,2365,167,39
3,ЗЕЛЕНИКОВО,2366,815,497
3,ЗЕЛЕНИКОВО,2367,210,130
3,ЗЕЛЕНИКОВО,2368,100,81
3,ЗЕЛЕНИКОВО,2369,107,74
3,ЗЕЛЕНИКОВО,2370,264,149
3,ЗЕЛЕНИКОВО,2371,7,2
3,ЗЕЛЕНИКОВО,2372,100,27
3,ЗЕЛЕНИКОВО,2373,137,32
3,ЗЕЛЕНИКОВО,2374,117,27
3,ЗЕЛЕНИКОВО,2375,107,47
3,ЗЕЛЕНИКОВО,2376,265,117
3,ЗЕЛЕНИКОВО,ЗРД-1422,10,0
3,ЗРНОВЦИ,0888,348,164
3,ЗРНОВЦИ,0889,913,461
3,ЗРНОВЦИ,0890,887,464
3,ЗРНОВЦИ,0891,401,197
3,ЗРНОВЦИ,ЗРД-1457,2,0
3,ИЛИНДЕН,2393,670,329
3,ИЛИНДЕН,2394,474,239
3,ИЛИНДЕН,2395,664,375
3,ИЛИНДЕН,2396,562,279
3,ИЛИНДЕН,2397,633,348
3,ИЛИНДЕН,2398,1087,562
3,ИЛИНДЕН,2399,568,299
3,ИЛИНДЕН,2400,275,198
3,ИЛИНДЕН,2401,212,141
3,ИЛИНДЕН,2402,898,541
3,ИЛИНДЕН,2403,721,355
3,ИЛИНДЕН,2404,743,378
3,ИЛИНДЕН,2405,933,458
3,ИЛИНДЕН,2406,485,239
3,ИЛИНДЕН,2407,490,260
3,ИЛИНДЕН,2408,482,301
3,ИЛИНДЕН,2409,175,101
3,ИЛИНДЕН,2410,446,279
3,ИЛИНДЕН,2411,203,135
3,ИЛИНДЕН,2393/1,552,249
3,ИЛИНДЕН,2394/1,605,181
3,ИЛИНДЕН,2395/1,451,225
3,ИЛИНДЕН,2396/1,554,269
3,ИЛИНДЕН,2397/1,583,330
3,ИЛИНДЕН,2399/1,755,388
3,ИЛИНДЕН,ЗРД-1473,4,0
3,КАРБИНЦИ,2316,262,162
3,КАРБИНЦИ,2317,294,184
3,КАРБИНЦИ,2318,32,6
3,КАРБИНЦИ,2319,116,82
3,КАРБИНЦИ,2320,711,465
3,КАРБИНЦИ,2321,67,38
3,КАРБИНЦИ,2322,29,15
3,КАРБИНЦИ,2323,20,12
3,КАРБИНЦИ,2324,522,350
3,КАРБИНЦИ,2325,225,134
3,КАРБИНЦИ,2326,375,213
3,КАРБИНЦИ,2327,29,17
3,КАРБИНЦИ,2328,151,110
3,КАРБИНЦИ,2329,86,66
3,КАРБИНЦИ,2330,121,77
3,КАРБИНЦИ,2331,136,97
3,КАРБИНЦИ,ЗРД-1511,10,0
3,КОЧАНИ,0830,408,249
3,КОЧАНИ,0831,648,408
3,КОЧАНИ,0832,944,569
3,КОЧАНИ,0833,424,219
3,КОЧАНИ,0834,787,465
3,КОЧАНИ,0835,721,461
3,КОЧАНИ,0836,583,336
3,КОЧАНИ,0837,586,282
3,КОЧАНИ,0838,612,310
3,КОЧАНИ,0839,551,297
3,КОЧАНИ,0840,747,424
3,КОЧАНИ,0841,797,396
3,КОЧАНИ,0842,744,365
3,КОЧАНИ,0843,465,293
3,КОЧАНИ,0844,822,314
3,КОЧАНИ,0845,804,290
3,КОЧАНИ,0846,797,310
3,КОЧАНИ,0847,706,397
3,КОЧАНИ,0848,555,319
3,КОЧАНИ,0849,563,325
3,КОЧАНИ,0850,466,265
3,КОЧАНИ,0851,680,364
3,КОЧАНИ,0852,839,471
3,КОЧАНИ,0853,614,352
3,КОЧАНИ,0854,678,355
3,КОЧАНИ,0855,621,375
3,КОЧАНИ,0856,597,299
3,КОЧАНИ,0857,702,301
3,КОЧАНИ,0858,684,351
3,КОЧАНИ,0859,611,315
3,КОЧАНИ,0860,626,242
3,КОЧАНИ,0861,567,285
3,КОЧАНИ,0862,545,337
3,КОЧАНИ,0863,519,334
3,КОЧАНИ,0864,435,285
3,КОЧАНИ,0865,343,249
3,КОЧАНИ,0866,433,243
3,КОЧАНИ,0867,347,188
3,КОЧАНИ,0868,19,5
3,КОЧАНИ,0869,16,2
3,КОЧАНИ,0870,247,130
3,КОЧАНИ,0871,36,17
3,КОЧАНИ,0872,60,11
3,КОЧАНИ,0873,12,1
3,КОЧАНИ,0874,926,560
3,КОЧАНИ,0834/1,839,501
3,КОЧАНИ,0836/1,547,283
3,КОЧАНИ,0837/1,494,267
3,КОЧАНИ,0838/1,691,375
3,КОЧАНИ,0857/1,686,323
3,КОЧАНИ,0860/1,500,186
3,КОЧАНИ,0861/1,449,205
3,КОЧАНИ,0892,306,174
3,КОЧАНИ,0893,9,0
3,КОЧАНИ,0894,5,3
3,КОЧАНИ,0895,6,2
3,КОЧАНИ,0896,38,11
3,КОЧАНИ,0897,28,9
3,КОЧАНИ,0898,815,430
3,КОЧАНИ,0899,728,384
3,КОЧАНИ,0900,689,329
3,КОЧАНИ,0901,839,429
3,КОЧАНИ,0902,50,10
3,КОЧАНИ,ЗРД-1597,43,0
3,КРАТОВО,0903,4,0
3,КРАТОВО,0904,26,8
3,КРАТОВО,0905,33,27
3,КРАТОВО,0906,17,6
3,КРАТОВО,0907,14,7
3,КРАТОВО,0908,6,6
3,КРАТОВО,0909,7,2
3,КРАТОВО,0910,81,49
3,КРАТОВО,0911,223,155
3,КРАТОВО,0912,193,107
3,КРАТОВО,0913,112,65
3,КРАТОВО,0914,230,149
3,КРАТОВО,0915,104,59
3,КРАТОВО,0916,52,31
3,КРАТОВО,0917,27,9
3,КРАТОВО,0918,99,50
3,КРАТОВО,0919,53,26
3,КРАТОВО,0920,87,36
3,КРАТОВО,0921,64,49
3,КРАТОВО,0922,90,53
3,КРАТОВО,0923,20,9
3,КРАТОВО,0924,35,23
3,КРАТОВО,0925,109,64
3,КРАТОВО,0926,78,23
3,КРАТОВО,0927,165,113
3,КРАТОВО,0928,89,32
3,КРАТОВО,0929,10,1
3,КРАТОВО,0930,223,135
3,КРАТОВО,0931,480,288
3,КРАТОВО,0932,550,346
3,КРАТОВО,0933,814,427
3,КРАТОВО,0934,742,394
3,КРАТОВО,0935,646,408
3,КРАТОВО,0936,788,450
3,КРАТОВО,0937,606,370
3,КРАТОВО,0931/1,529,323
3,КРАТОВО,0932/1,472,242
3,КРАТОВО,ЗРД-1619,3,0
3,КРИВА ПАЛАНКА,0945/1,438,261
3,КРИВА ПАЛАНКА,0946/1,526,366
3,КРИВА ПАЛАНКА,0947/1,693,485
3,КРИВА ПАЛАНКА,0938,756,531
3,КРИВА ПАЛАНКА,0939,739,557
3,КРИВА ПАЛАНКА,0940,472,363
3,КРИВА ПАЛАНКА,0941,47,38
3,КРИВА ПАЛАНКА,0942,983,776
3,КРИВА ПАЛАНКА,0943,754,569
3,КРИВА ПАЛАНКА,0944,845,625
3,КРИВА ПАЛАНКА,0945,598,410
3,КРИВА ПАЛАНКА,0946,652,463
3,КРИВА ПАЛАНКА,0947,657,475
3,КРИВА ПАЛАНКА,0948,842,633
3,КРИВА ПАЛАНКА,0949,773,561
3,КРИВА ПАЛАНКА,0950,629,477
3,КРИВА ПАЛАНКА,0951,919,704
3,КРИВА ПАЛАНКА,0952,839,591
3,КРИВА ПАЛАНКА,0953,750,560
3,КРИВА ПАЛАНКА,0954,585,400
3,КРИВА ПАЛАНКА,0955,112,88
3,КРИВА ПАЛАНКА,0956,271,199
3,КРИВА ПАЛАНКА,0957,38,31
3,КРИВА ПАЛАНКА,0958,180,137
3,КРИВА ПАЛАНКА,0959,24,19
3,КРИВА ПАЛАНКА,0960,77,59
3,КРИВА ПАЛАНКА,0961,192,146
3,КРИВА ПАЛАНКА,0962,227,169
3,КРИВА ПАЛАНКА,0963,183,120
3,КРИВА ПАЛАНКА,0964,62,38
3,КРИВА ПАЛАНКА,0965,466,312
3,КРИВА ПАЛАНКА,0966,238,165
3,КРИВА ПАЛАНКА,0967,58,43
3,КРИВА ПАЛАНКА,0968,135,95
3,КРИВА ПАЛАНКА,0969,92,59
3,КРИВА ПАЛАНКА,0970,23,17
3,КРИВА ПАЛАНКА,0971,53,23
3,КРИВА ПАЛАНКА,0972,33,23
3,КРИВА ПАЛАНКА,0973,255,167
3,КРИВА ПАЛАНКА,0974,99,69
3,КРИВА ПАЛАНКА,0975,63,43
3,КРИВА ПАЛАНКА,0976,106,74
3,КРИВА ПАЛАНКА,0977,67,47
3,КРИВА ПАЛАНКА,0978,48,31
3,КРИВА ПАЛАНКА,0979,51,37
3,КРИВА ПАЛАНКА,0980,63,55
3,КРИВА ПАЛАНКА,0981,252,197
3,КРИВА ПАЛАНКА,ЗРД-1627,21,0
3,КУМАНОВО,1131,48,29
3,КУМАНОВО,1132,110,33
3,КУМАНОВО,1133,17,8
3,КУМАНОВО,1134,13,2
3,КУМАНОВО,1135,58,15
3,КУМАНОВО,1136,69,30
3,КУМАНОВО,1137,26,2
3,КУМАНОВО,1138,18,9
3,КУМАНОВО,1139,250,105
3,КУМАНОВО,1140,27,11
3,КУМАНОВО,1141,78,42
3,КУМАНОВО,1144,38,10
3,КУМАНОВО,1145,47,0
3,КУМАНОВО,1146,17,1
3,КУМАНОВО,1147,57,7
3,КУМАНОВО,1148,13,7
3,КУМАНОВО,1149,394,133
3,КУМАНОВО,1150,21,5
3,КУМАНОВО,ЗРД-1678/1,3,0
3,ЛОЗОВО,1704,76,62
3,ЛОЗОВО,1705,42,26
3,ЛОЗОВО,1706,641,495
3,ЛОЗОВО,1707,30,7
3,ЛОЗОВО,1708,578,318
3,ЛОЗОВО,1709,22,5
3,ЛОЗОВО,1710,332,270
3,ЛОЗОВО,1711,252,146
3,ЛОЗОВО,1712,24,9
3,ЛОЗОВО,ЗРД-1708,0,0
3,МАКЕДОНСКА КАМЕНИЦА,0605,188,140
3,МАКЕДОНСКА КАМЕНИЦА,0606,211,150
3,МАКЕДОНСКА КАМЕНИЦА,0607,78,40
3,МАКЕДОНСКА КАМЕНИЦА,0608,182,101
3,МАКЕДОНСКА КАМЕНИЦА,0609,991,570
3,МАКЕДОНСКА КАМЕНИЦА,0610,472,238
3,МАКЕДОНСКА КАМЕНИЦА,0611,503,296
3,МАКЕДОНСКА КАМЕНИЦА,0612,624,355
3,МАКЕДОНСКА КАМЕНИЦА,0613,262,162
3,МАКЕДОНСКА КАМЕНИЦА,0614,469,290
3,МАКЕДОНСКА КАМЕНИЦА,0615,489,236
3,МАКЕДОНСКА КАМЕНИЦА,0616,178,102
3,МАКЕДОНСКА КАМЕНИЦА,0617,168,90
3,МАКЕДОНСКА КАМЕНИЦА,0618,72,47
3,МАКЕДОНСКА КАМЕНИЦА,0610/1,577,323
3,МАКЕДОНСКА КАМЕНИЦА,0611/1,554,317
3,МАКЕДОНСКА КАМЕНИЦА,0612/1,567,322
3,МАКЕДОНСКА КАМЕНИЦА,ЗРД-1732,5,0
3,ПЕТРОВЕЦ,2377,555,352
3,ПЕТРОВЕЦ,2378,547,320
3,ПЕТРОВЕЦ,2379,349,139
3,ПЕТРОВЕЦ,2380,0,0
3,ПЕТРОВЕЦ,2381,954,584
3,ПЕТРОВЕЦ,2382,593,298
3,ПЕТРОВЕЦ,2383,1067,495
3,ПЕТРОВЕЦ,2384,706,365
3,ПЕТРОВЕЦ,2385,7,2
3,ПЕТРОВЕЦ,2386,180,108
3,ПЕТРОВЕЦ,2387,126,106
3,ПЕТРОВЕЦ,2388,795,425
3,ПЕТРОВЕЦ,2389,26,11
3,ПЕТРОВЕЦ,2390,6,5
3,ПЕТРОВЕЦ,2391,18,4
3,ПЕТРОВЕЦ,2392,28,14
3,ПЕТРОВЕЦ,2377/1,635,431
3,ПЕТРОВЕЦ,2378/1,672,443
3,ПЕТРОВЕЦ,2382/1,489,211
3,ПЕТРОВЕЦ,ЗРД-1902,6,0
3,ПЕХЧЕВО,0017,61,50
3,ПЕХЧЕВО,0018,239,154
3,ПЕХЧЕВО,0019,870,553
3,ПЕХЧЕВО,0020,947,632
3,ПЕХЧЕВО,0021,714,493
3,ПЕХЧЕВО,0022,240,168
3,ПЕХЧЕВО,0023,214,165
3,ПЕХЧЕВО,0024,603,319
3,ПЕХЧЕВО,0025,201,140
3,ПЕХЧЕВО,ЗРД-1929,3,0
3,ПРОБИШТИП,1530,504,343
3,ПРОБИШТИП,1531,806,560
3,ПРОБИШТИП,1532,769,559
3,ПРОБИШТИП,1533,959,679
3,ПРОБИШТИП,1534,890,530
3,ПРОБИШТИП,1535,873,560
3,ПРОБИШТИП,1536,940,600
3,ПРОБИШТИП,1537,850,558
3,ПРОБИШТИП,1538,634,433
3,ПРОБИШТИП,1539,813,535
3,ПРОБИШТИП,1540,209,166
3,ПРОБИШТИП,1541,9,1
3,ПРОБИШТИП,1542,23,18
3,ПРОБИШТИП,1543,59,43
3,ПРОБИШТИП,1544,7,5
3,ПРОБИШТИП,1545,23,14
3,ПРОБИШТИП,1546,3,2
3,ПРОБИШТИП,1547,25,9
3,ПРОБИШТИП,1548,9,7
3,ПРОБИШТИП,1549,5,0
3,ПРОБИШТИП,1550,11,9
3,ПРОБИШТИП,1551,16,11
3,ПРОБИШТИП,1552,118,72
3,ПРОБИШТИП,1553,39,25
3,ПРОБИШТИП,1554,197,159
3,ПРОБИШТИП,1555,33,19
3,ПРОБИШТИП,1556,5,2
3,ПРОБИШТИП,1557,26,14
3,ПРОБИШТИП,1558,113,87
3,ПРОБИШТИП,1559,103,79
3,ПРОБИШТИП,1560,41,33
3,ПРОБИШТИП,1561,12,4
3,ПРОБИШТИП,1562,21,11
3,ПРОБИШТИП,1563,2,0
3,ПРОБИШТИП,1564,104,69
3,ПРОБИШТИП,1565,895,544
3,ПРОБИШТИП,1566,388,250
3,ПРОБИШТИП,1567,12,8
3,ПРОБИШТИП,1568,215,146
3,ПРОБИШТИП,1569,12,9
3,ПРОБИШТИП,1570,89,67
3,ПРОБИШТИП,1571,16,2
3,ПРОБИШТИП,1572,131,87
3,ПРОБИШТИП,1573,41,22
3,ПРОБИШТИП,1539/1,849,575
3,ПРОБИШТИП,1566/1,562,374
3,ПРОБИШТИП,ЗРД-1961,6,0
3,РАНКОВЦЕ,0982,334,227
3,РАНКОВЦЕ,0983,86,66
3,РАНКОВЦЕ,0984,208,143
3,РАНКОВЦЕ,0985,40,36
3,РАНКОВЦЕ,0986,97,62
3,РАНКОВЦЕ,0987,862,658
3,РАНКОВЦЕ,0988,118,79
3,РАНКОВЦЕ,0989,96,58
3,РАНКОВЦЕ,0990,279,192
3,РАНКОВЦЕ,0991,432,286
3,РАНКОВЦЕ,0992,290,182
3,РАНКОВЦЕ,0993,45,29
3,РАНКОВЦЕ,0994,118,67
3,РАНКОВЦЕ,ЗРД-1988,5,0
3,СВЕТИ НИКОЛЕ,1671,611,329
3,СВЕТИ НИКОЛЕ,1672,918,526
3,СВЕТИ НИКОЛЕ,1673,759,464
3,СВЕТИ НИКОЛЕ,1674,851,539
3,СВЕТИ НИКОЛЕ,1675,586,312
3,СВЕТИ НИКОЛЕ,1676,701,451
3,СВЕТИ НИКОЛЕ,1677,473,289
3,СВЕТИ НИКОЛЕ,1678,557,329
3,СВЕТИ НИКОЛЕ,1679,632,372
3,СВЕТИ НИКОЛЕ,1680,914,568
3,СВЕТИ НИКОЛЕ,1681,623,379
3,СВЕТИ НИКОЛЕ,1682,743,382
3,СВЕТИ НИКОЛЕ,1683,921,492
3,СВЕТИ НИКОЛЕ,1684,627,388
3,СВЕТИ НИКОЛЕ,1685,60,49
3,СВЕТИ НИКОЛЕ,1686,603,325
3,СВЕТИ НИКОЛЕ,1687,24,12
3,СВЕТИ НИКОЛЕ,1688,24,11
3,СВЕТИ НИКОЛЕ,1689,48,29
3,СВЕТИ НИКОЛЕ,1690,8,0
3,СВЕТИ НИКОЛЕ,1691,23,8
3,СВЕТИ НИКОЛЕ,1692,34,21
3,СВЕТИ НИКОЛЕ,1693,31,14
3,СВЕТИ НИКОЛЕ,1694,90,50
3,СВЕТИ НИКОЛЕ,1695,13,5
3,СВЕТИ НИКОЛЕ,1696,82,37
3,СВЕТИ НИКОЛЕ,1697,18,10
3,СВЕТИ НИКОЛЕ,1698,340,243
3,СВЕТИ НИКОЛЕ,1699,792,450
3,СВЕТИ НИКОЛЕ,1700,139,89
3,СВЕТИ НИКОЛЕ,1701,392,236
3,СВЕТИ НИКОЛЕ,1702,203,123
3,СВЕТИ НИКОЛЕ,1703,357,210
3,СВЕТИ НИКОЛЕ,1675/1,601,355
3,СВЕТИ НИКОЛЕ,1684/1,751,459
3,СВЕТИ НИКОЛЕ,ЗРД-2046,23,0
3,СТАРО НАГОРИЧАНЕ,1142,41,12
3,СТАРО НАГОРИЧАНЕ,1143,45,10
3,СТАРО НАГОРИЧАНЕ,1151,102,38
3,СТАРО НАГОРИЧАНЕ,1152,79,42
3,СТАРО НАГОРИЧАНЕ,1153,46,14
3,СТАРО НАГОРИЧАНЕ,1154,62,39
3,СТАРО НАГОРИЧАНЕ,1155,31,14
3,СТАРО НАГОРИЧАНЕ,ЗРД-2127/1,2,0
3,ЧАШКА,2204,530,276
3,ЧАШКА,2205,867,540
3,ЧАШКА,2206,27,21
3,ЧАШКА,2205/1,824,560
3,ЧАШКА,2211,227,130
3,ЧАШКА,2212,16,6
3,ЧАШКА,2213,33,15
3,ЧАШКА,2214,136,89
3,ЧАШКА,2215,121,67
3,ЧАШКА,2216,90,67
3,ЧАШКА,2227,30,10
3,ЧАШКА,2228,832,421
3,ЧАШКА,2229,118,95
3,ЧАШКА,2230,284,149
3,ЧАШКА,2231,25,18
3,ЧАШКА,2232,21,8
3,ЧАШКА,2233,2,0
3,ЧАШКА,2234,578,449
3,ЧАШКА,2235,0,0
3,ЧАШКА,2236,17,7
3,ЧАШКА,2237,17,12
3,ЧАШКА,2238,6,1
3,ЧАШКА,2239,5,1
3,ЧАШКА,2240,59,31
3,ЧАШКА,2241,102,67
3,ЧАШКА,2242,112,88
3,ЧАШКА,2243,306,197
3,ЧАШКА,2244,44,17
3,ЧАШКА,2245,22,8
3,ЧАШКА,2246,54,35
3,ЧАШКА,2234/1,596,482
3,ЧАШКА,ЗРД-2216,3,0
3,ЧЕШИНОВО - ОБЛЕШЕВО,0875,374,259
3,ЧЕШИНОВО - ОБЛЕШЕВО,0876,335,211
3,ЧЕШИНОВО - ОБЛЕШЕВО,0877,214,147
3,ЧЕШИНОВО - ОБЛЕШЕВО,0878,51,23
3,ЧЕШИНОВО - ОБЛЕШЕВО,0879,690,470
3,ЧЕШИНОВО - ОБЛЕШЕВО,0880,106,76
3,ЧЕШИНОВО - ОБЛЕШЕВО,0881,349,214
3,ЧЕШИНОВО - ОБЛЕШЕВО,0882,911,573
3,ЧЕШИНОВО - ОБЛЕШЕВО,0883,538,297
3,ЧЕШИНОВО - ОБЛЕШЕВО,0884,224,126
3,ЧЕШИНОВО - ОБЛЕШЕВО,0885,532,344
3,ЧЕШИНОВО - ОБЛЕШЕВО,0886,263,155
3,ЧЕШИНОВО - ОБЛЕШЕВО,0887,804,523
3,ЧЕШИНОВО - ОБЛЕШЕВО,ЗРД-2232,1,0
3,ШТИП,2294/1,483,288
3,ШТИП,2247,1030,561
3,ШТИП,2248,718,420
3,ШТИП,2249,507,281
3,ШТИП,2250,591,317
3,ШТИП,2251,741,414
3,ШТИП,2252,896,528
3,ШТИП,2253,684,420
3,ШТИП,2254,582,360
3,ШТИП,2255,486,271
3,ШТИП,2256,752,417
3,ШТИП,2257,744,426
3,ШТИП,2258,703,404
3,ШТИП,2259,831,471
3,ШТИП,2260,724,421
3,ШТИП,2261,709,422
3,ШТИП,2262,785,463
3,ШТИП,2263,524,309
3,ШТИП,2264,601,336
3,ШТИП,2265,452,289
3,ШТИП,2266,637,375
3,ШТИП,2267,726,437
3,ШТИП,2268,522,320
3,ШТИП,2269,654,373
3,ШТИП,2270,680,375
3,ШТИП,2271,537,284
3,ШТИП,2272,709,383
3,ШТИП,2273,647,307
3,ШТИП,2274,760,486
3,ШТИП,2275,780,467
3,ШТИП,2276,929,627
3,ШТИП,2277,512,153
3,ШТИП,2278,889,273
3,ШТИП,2279,395,186
3,ШТИП,2280,518,227
3,ШТИП,2281,857,546
3,ШТИП,2282,656,432
3,ШТИП,2283,470,297
3,ШТИП,2284,869,651
3,ШТИП,2285,59,28
3,ШТИП,2286,18,6
3,ШТИП,2287,5,0
3,ШТИП,2288,25,5
3,ШТИП,2289,6,3
3,ШТИП,2290,218,166
3,ШТИП,2291,10,4
3,ШТИП,2292,939,530
3,ШТИП,2293,957,579
3,ШТИП,2294,496,290
3,ШТИП,2295,677,380
3,ШТИП,2296,807,514
3,ШТИП,2297,914,545
3,ШТИП,2298,831,471
3,ШТИП,2299,687,432
3,ШТИП,2300,742,472
3,ШТИП,2301,53,25
3,ШТИП,2302,12,9
3,ШТИП,2303,14,4
3,ШТИП,2304,6,1
3,ШТИП,2305,26,7
3,ШТИП,2306,162,60
3,ШТИП,2307,172,77
3,ШТИП,2308,112,59
3,ШТИП,2309,11,3
3,ШТИП,2310,15,10
3,ШТИП,2311,31,16
3,ШТИП,2312,29,6
3,ШТИП,2313,96,74
3,ШТИП,2314,67,32
3,ШТИП,2315,848,465
3,ШТИП,2247/1,1053,568
3,ШТИП,2248/1,741,440
3,ШТИП,2249/1,496,261
3,ШТИП,2250/1,583,345
3,ШТИП,2255/1,522,305
3,ШТИП,2268/1,567,328
3,ШТИП,2269/1,656,367
3,ШТИП,2270/1,739,378
3,ШТИП,2271/1,563,290
3,ШТИП,2280/1,485,212
3,ШТИП,ЗРД-2283,73,0
4,БИТОЛА,0194,407,267
4,БИТОЛА,0195,362,230
4,БИТОЛА,0196,78,55
4,БИТОЛА,0197,307,181
4,БИТОЛА,0198,111,65
4,БИТОЛА,0199,103,64
4,БИТОЛА,0200,34,13
4,БИТОЛА,0201,247,152
4,БИТОЛА,0202,113,71
4,БИТОЛА,0203,53,13
4,БИТОЛА,0204,185,104
4,БИТОЛА,ЗРД-1066/1,1,0
4,БОГДАНЦИ,0368,646,406
4,БОГДАНЦИ,0369,707,443
4,БОГДАНЦИ,0370,225,151
4,БОГДАНЦИ,0371,635,336
4,БОГДАНЦИ,0372,755,463
4,БОГДАНЦИ,0373,750,433
4,БОГДАНЦИ,0374,470,288
4,БОГДАНЦИ,0375,590,341
4,БОГДАНЦИ,0376,538,280
4,БОГДАНЦИ,0377,333,237
4,БОГДАНЦИ,0371/1,525,264
4,БОГДАНЦИ,0376/1,533,311
4,БОГДАНЦИ,ЗРД-1082,11,0
4,БОСИЛОВО,1811,714,440
4,БОСИЛОВО,1812,685,392
4,БОСИЛОВО,1813,409,239
4,БОСИЛОВО,1814,542,321
4,БОСИЛОВО,1815,823,471
4,БОСИЛОВО,1816,238,193
4,БОСИЛОВО,1817,551,293
4,БОСИЛОВО,1818,578,300
4,БОСИЛОВО,1819,295,175
4,БОСИЛОВО,1820,827,512
4,БОСИЛОВО,1821,763,447
4,БОСИЛОВО,1822,700,407
4,БОСИЛОВО,1823,768,438
4,БОСИЛОВО,1824,500,238
4,БОСИЛОВО,1825,987,448
4,БОСИЛОВО,1826,721,361
4,БОСИЛОВО,1824/1,563,249
4,БОСИЛОВО,1842,799,376
4,БОСИЛОВО,1843,785,343
4,БОСИЛОВО,ЗРД-1139,7,0
4,ДОЈРАН,0378,399,278
4,ДОЈРАН,0379,170,136
4,ДОЈРАН,0380,82,43
4,ДОЈРАН,0381,121,24
4,ДОЈРАН,0382,439,308
4,ДОЈРАН,0383,437,327
4,ДОЈРАН,0384,430,288
4,ДОЈРАН,0385,606,407
4,ДОЈРАН,ЗРД-2097,2,0
4,ВАЛАНДОВО,0280,941,592
4,ВАЛАНДОВО,0281,452,286
4,ВАЛАНДОВО,0282,819,515
4,ВАЛАНДОВО,0283,571,409
4,ВАЛАНДОВО,0284,479,313
4,ВАЛАНДОВО,0285,717,475
4,ВАЛАНДОВО,0286,720,481
4,ВАЛАНДОВО,0287,445,312
4,ВАЛАНДОВО,0288,627,404
4,ВАЛАНДОВО,0289,132,82
4,ВАЛАНДОВО,0290,279,184
4,ВАЛАНДОВО,0291,674,537
4,ВАЛАНДОВО,0292,338,210
4,ВАЛАНДОВО,0293,279,167
4,ВАЛАНДОВО,0294,371,226
4,ВАЛАНДОВО,0295,165,99
4,ВАЛАНДОВО,0296,247,148
4,ВАЛАНДОВО,0297,350,222
4,ВАЛАНДОВО,0298,44,14
4,ВАЛАНДОВО,0299,194,84
4,ВАЛАНДОВО,0300,161,129
4,ВАЛАНДОВО,0301,255,119
4,ВАЛАНДОВО,0302,132,76
4,ВАЛАНДОВО,0284/1,520,347
4,ВАЛАНДОВО,ЗРД-1155,7,0
4,ВАСИЛЕВО,1800/1,549,309
4,ВАСИЛЕВО,1804/1,562,401
4,ВАСИЛЕВО,1794,175,108
4,ВАСИЛЕВО,1795,303,115
4,ВАСИЛЕВО,1796,10,2
4,ВАСИЛЕВО,1797,600,311
4,ВАСИЛЕВО,1798,527,218
4,ВАСИЛЕВО,1799,369,134
4,ВАСИЛЕВО,1800,589,349
4,ВАСИЛЕВО,1801,942,544
4,ВАСИЛЕВО,1802,753,493
4,ВАСИЛЕВО,1803,801,485
4,ВАСИЛЕВО,1804,635,438
4,ВАСИЛЕВО,1805,749,440
4,ВАСИЛЕВО,1806,787,393
4,ВАСИЛЕВО,1807,579,345
4,ВАСИЛЕВО,1808,440,305
4,ВАСИЛЕВО,1809,736,489
4,ВАСИЛЕВО,1810,475,272
4,ВАСИЛЕВО,ЗРД-1163,11,0
4,ГЕВГЕЛИЈА,0333,618,424
4,ГЕВГЕЛИЈА,0334,513,348
4,ГЕВГЕЛИЈА,0335,500,348
4,ГЕВГЕЛИЈА,0336,704,491
4,ГЕВГЕЛИЈА,0337,763,473
4,ГЕВГЕЛИЈА,0338,906,623
4,ГЕВГЕЛИЈА,0339,337,238
4,ГЕВГЕЛИЈА,0340,764,564
4,ГЕВГЕЛИЈА,0341,412,274
4,ГЕВГЕЛИЈА,0342,604,424
4,ГЕВГЕЛИЈА,0343,631,415
4,ГЕВГЕЛИЈА,0344,398,296
4,ГЕВГЕЛИЈА,0345,573,370
4,ГЕВГЕЛИЈА,0346,579,401
4,ГЕВГЕЛИЈА,0347,1069,727
4,ГЕВГЕЛИЈА,0348,943,623
4,ГЕВГЕЛИЈА,0349,567,381
4,ГЕВГЕЛИЈА,0350,533,364
4,ГЕВГЕЛИЈА,0351,1035,691
4,ГЕВГЕЛИЈА,0352,404,270
4,ГЕВГЕЛИЈА,0353,256,165
4,ГЕВГЕЛИЈА,0354,106,75
4,ГЕВГЕЛИЈА,0355,765,500
4,ГЕВГЕЛИЈА,0356,405,308
4,ГЕВГЕЛИЈА,0357,792,560
4,ГЕВГЕЛИЈА,0358,743,540
4,ГЕВГЕЛИЈА,0359,140,112
4,ГЕВГЕЛИЈА,0360,11,9
4,ГЕВГЕЛИЈА,0361,577,465
4,ГЕВГЕЛИЈА,0362,747,551
4,ГЕВГЕЛИЈА,0363,94,79
4,ГЕВГЕЛИЈА,0364,259,185
4,ГЕВГЕЛИЈА,0365,129,110
4,ГЕВГЕЛИЈА,0366,8,5
4,ГЕВГЕЛИЈА,0367,161,106
4,ГЕВГЕЛИЈА,0349/1,532,347
4,ГЕВГЕЛИЈА,0350/1,529,391
4,ГЕВГЕЛИЈА,ЗРД-1279,29,0
4,ДЕМИР КАПИЈА,1238,869,600
4,ДЕМИР КАПИЈА,1239,959,692
4,ДЕМИР КАПИЈА,1240,435,339
4,ДЕМИР КАПИЈА,1241,279,144
4,ДЕМИР КАПИЈА,1242,372,268
4,ДЕМИР КАПИЈА,1243,73,46
4,ДЕМИР КАПИЈА,1244,75,48
4,ДЕМИР КАПИЈА,1245,41,36
4,ДЕМИР КАПИЈА,1246,139,85
4,ДЕМИР КАПИЈА,1247,17,8
4,ДЕМИР КАПИЈА,1248,10,5
4,ДЕМИР КАПИЈА,ЗРД-1333,0,0
4,КАВАДАРЦИ,0659,783,511
4,КАВАДАРЦИ,0660,592,366
4,КАВАДАРЦИ,0661,789,485
4,КАВАДАРЦИ,0662,727,430
4,КАВАДАРЦИ,0663,534,317
4,КАВАДАРЦИ,0664,498,315
4,КАВАДАРЦИ,0665,917,608
4,КАВАДАРЦИ,0666,779,437
4,КАВАДАРЦИ,0667,686,408
4,КАВАДАРЦИ,0668,509,280
4,КАВАДАРЦИ,0669,911,575
4,КАВАДАРЦИ,0670,871,563
4,КАВАДАРЦИ,0671,999,593
4,КАВАДАРЦИ,0672,536,350
4,КАВАДАРЦИ,0673,551,341
4,КАВАДАРЦИ,0674,555,313
4,КАВАДАРЦИ,0675,716,438
4,КАВАДАРЦИ,0676,684,462
4,КАВАДАРЦИ,0677,754,475
4,КАВАДАРЦИ,0678,474,308
4,КАВАДАРЦИ,0679,700,470
4,КАВАДАРЦИ,0680,711,411
4,КАВАДАРЦИ,0681,946,495
4,КАВАДАРЦИ,0682,768,474
4,КАВАДАРЦИ,0683,701,437
4,КАВАДАРЦИ,0684,542,350
4,КАВАДАРЦИ,0685,884,560
4,КАВАДАРЦИ,0686,670,410
4,КАВАДАРЦИ,0687,580,412
4,КАВАДАРЦИ,0688,788,499
4,КАВАДАРЦИ,0689,891,572
4,КАВАДАРЦИ,0690,775,441
4,КАВАДАРЦИ,0691,497,315
4,КАВАДАРЦИ,0692,513,328
4,КАВАДАРЦИ,0693,671,468
4,КАВАДАРЦИ,0694,756,455
4,КАВАДАРЦИ,0695,465,248
4,КАВАДАРЦИ,0696,67,35
4,КАВАДАРЦИ,0697,13,8
4,КАВАДАРЦИ,0698,762,559
4,КАВАДАРЦИ,0699,74,45
4,КАВАДАРЦИ,0700,106,65
4,КАВАДАРЦИ,0701,264,178
4,КАВАДАРЦИ,0702,671,463
4,КАВАДАРЦИ,0703,786,506
4,КАВАДАРЦИ,0704,33,21
4,КАВАДАРЦИ,0705,34,23
4,КАВАДАРЦИ,0706,9,1
4,КАВАДАРЦИ,0707,34,24
4,КАВАДАРЦИ,0708,27,16
4,КАВАДАРЦИ,0709,18,5
4,КАВАДАРЦИ,0710,22,18
4,КАВАДАРЦИ,0711,27,23
4,КАВАДАРЦИ,0712,37,25
4,КАВАДАРЦИ,0660/1,632,403
4,КАВАДАРЦИ,0668/1,617,383
4,КАВАДАРЦИ,0672/1,511,331
4,КАВАДАРЦИ,0673/1,541,331
4,КАВАДАРЦИ,0674/1,565,356
4,КАВАДАРЦИ,0684/1,658,440
4,КАВАДАРЦИ,ЗРД-1490,39,0
4,НОВО СЕЛО,1774,565,250
4,НОВО СЕЛО,1775,604,240
4,НОВО СЕЛО,1776,370,150
4,НОВО СЕЛО,1777,753,405
4,НОВО СЕЛО,1778,787,293
4,НОВО СЕЛО,1779,4,3
4,НОВО СЕЛО,1780,55,29
4,НОВО СЕЛО,1781,41,24
4,НОВО СЕЛО,1782,596,246
4,НОВО СЕЛО,1783,468,174
4,НОВО СЕЛО,1784,730,216
4,НОВО СЕЛО,1785,778,416
4,НОВО СЕЛО,1786,970,522
4,НОВО СЕЛО,1787,825,450
4,НОВО СЕЛО,1788,834,319
4,НОВО СЕЛО,1789,791,335
4,НОВО СЕЛО,1790,300,161
4,НОВО СЕЛО,1791,544,191
4,НОВО СЕЛО,1792,637,386
4,НОВО СЕЛО,1791/1,523,200
4,НОВО СЕЛО,ЗРД-1830,6,0
4,КОНЧЕ,1608,539,347
4,КОНЧЕ,1609,372,206
4,КОНЧЕ,1610,109,69
4,КОНЧЕ,1611,357,215
4,КОНЧЕ,1612,861,597
4,КОНЧЕ,1613,237,175
4,КОНЧЕ,1614,2,0
4,КОНЧЕ,1615,1,0
4,КОНЧЕ,1616,3,0
4,КОНЧЕ,1617,243,137
4,КОНЧЕ,ЗРД-1562,0,0
4,КРИВОГАШТАНИ,1508,109,79
4,КРИВОГАШТАНИ,1509,39,27
4,КРИВОГАШТАНИ,1510,832,526
4,КРИВОГАШТАНИ,1511,656,439
4,КРИВОГАШТАНИ,1512,416,280
4,КРИВОГАШТАНИ,1513,316,206
4,КРИВОГАШТАНИ,1514,384,244
4,КРИВОГАШТАНИ,1515,600,418
4,КРИВОГАШТАНИ,1516,527,292
4,КРИВОГАШТАНИ,1517,222,133
4,КРИВОГАШТАНИ,1518,227,136
4,КРИВОГАШТАНИ,1519,306,235
4,КРИВОГАШТАНИ,ЗРД-1635,3,0
4,МОГИЛА,0181,145,105
4,МОГИЛА,0182,478,295
4,МОГИЛА,0183,33,18
4,МОГИЛА,0184,35,22
4,МОГИЛА,0185,148,84
4,МОГИЛА,0186,318,134
4,МОГИЛА,0187,137,68
4,МОГИЛА,0188,374,244
4,МОГИЛА,0189,331,180
4,МОГИЛА,0190,147,73
4,МОГИЛА,0191,670,445
4,МОГИЛА,0192,605,395
4,МОГИЛА,0193,114,80
4,МОГИЛА,0214,216,161
4,МОГИЛА,0215,21,12
4,МОГИЛА,0216,28,13
4,МОГИЛА,0217,222,137
4,МОГИЛА,0218,126,84
4,МОГИЛА,0219,495,359
4,МОГИЛА,0220,247,179
4,МОГИЛА,0221,300,225
4,МОГИЛА,0222,50,30
4,МОГИЛА,0223,67,47
4,МОГИЛА,ЗРД-1783,3,0
4,НЕГОТИНО,1213,717,510
4,НЕГОТИНО,1214,682,509
4,НЕГОТИНО,1215,698,439
4,НЕГОТИНО,1216,573,362
4,НЕГОТИНО,1217,472,344
4,НЕГОТИНО,1218,937,649
4,НЕГОТИНО,1219,551,341
4,НЕГОТИНО,1220,594,435
4,НЕГОТИНО,1221,504,341
4,НЕГОТИНО,1222,900,629
4,НЕГОТИНО,1223,631,438
4,НЕГОТИНО,1224,568,386
4,НЕГОТИНО,1225,825,574
4,НЕГОТИНО,1226,703,482
4,НЕГОТИНО,1227,728,576
4,НЕГОТИНО,1228,862,571
4,НЕГОТИНО,1229,37,28
4,НЕГОТИНО,1230,2,1
4,НЕГОТИНО,1231,679,456
4,НЕГОТИНО,1232,322,271
4,НЕГОТИНО,1233,38,29
4,НЕГОТИНО,1234,914,701
4,НЕГОТИНО,1235,146,114
4,НЕГОТИНО,1236,934,647
4,НЕГОТИНО,1237,162,90
4,НЕГОТИНО,1216/1,452,314
4,НЕГОТИНО,1221/1,539,379
4,НЕГОТИНО,1223/1,704,497
4,НЕГОТИНО,ЗРД-1805,14,0
4,НОВАЦИ,0158,154,117
4,НОВАЦИ,0159,141,104
4,НОВАЦИ,0160,131,107
4,НОВАЦИ,0161,495,399
4,НОВАЦИ,0162,33,26
4,НОВАЦИ,0163,280,228
4,НОВАЦИ,0164,46,25
4,НОВАЦИ,0165,84,62
4,НОВАЦИ,0166,28,5
4,НОВАЦИ,0167,58,32
4,НОВАЦИ,0168,64,31
4,НОВАЦИ,0169,130,95
4,НОВАЦИ,0170,216,154
4,НОВАЦИ,0171,231,147
4,НОВАЦИ,0172,57,31
4,НОВАЦИ,0173,15,4
4,НОВАЦИ,0174,32,6
4,НОВАЦИ,0175,17,6
4,НОВАЦИ,0176,58,23
4,НОВАЦИ,0177,16,2
4,НОВАЦИ,0178,22,9
4,НОВАЦИ,0179,65,33
4,НОВАЦИ,0180,61,32
4,НОВАЦИ,0161/1,494,398
4,НОВАЦИ,ЗРД-1821,6,0
4,ПРИЛЕП,1350,360,263
4,ПРИЛЕП,1351,730,486
4,ПРИЛЕП,1352,530,365
4,ПРИЛЕП,1353,498,293
4,ПРИЛЕП,1354,810,493
4,ПРИЛЕП,1355,740,420
4,ПРИЛЕП,1356,507,350
4,ПРИЛЕП,1357,662,408
4,ПРИЛЕП,1358,643,431
4,ПРИЛЕП,1359,641,416
4,ПРИЛЕП,1360,726,468
4,ПРИЛЕП,1361,668,411
4,ПРИЛЕП,1362,768,492
4,ПРИЛЕП,1363,283,191
4,ПРИЛЕП,1364,397,262
4,ПРИЛЕП,1365,433,304
4,ПРИЛЕП,1366,433,253
4,ПРИЛЕП,1367,425,251
4,ПРИЛЕП,1368,348,224
4,ПРИЛЕП,1369,896,533
4,ПРИЛЕП,1370,243,160
4,ПРИЛЕП,1371,838,537
4,ПРИЛЕП,1372,302,173
4,ПРИЛЕП,1373,630,394
4,ПРИЛЕП,1374,798,519
4,ПРИЛЕП,1375,728,458
4,ПРИЛЕП,1376,742,473
4,ПРИЛЕП,1377,671,398
4,ПРИЛЕП,1378,851,552
4,ПРИЛЕП,1379,506,332
4,ПРИЛЕП,1380,862,535
4,ПРИЛЕП,1381,644,441
4,ПРИЛЕП,1382,802,489
4,ПРИЛЕП,1383,413,252
4,ПРИЛЕП,1384,944,590
4,ПРИЛЕП,1385,388,248
4,ПРИЛЕП,1386,317,197
4,ПРИЛЕП,1387,565,372
4,ПРИЛЕП,1388,845,552
4,ПРИЛЕП,1389,855,571
4,ПРИЛЕП,1390,883,588
4,ПРИЛЕП,1391,984,644
4,ПРИЛЕП,1392,452,272
4,ПРИЛЕП,1393,785,510
4,ПРИЛЕП,1394,589,366
4,ПРИЛЕП,1395,763,483
4,ПРИЛЕП,1396,818,530
4,ПРИЛЕП,1397,477,265
4,ПРИЛЕП,1398,710,408
4,ПРИЛЕП,1399,750,381
4,ПРИЛЕП,1400,584,278
4,ПРИЛЕП,1401,753,362
4,ПРИЛЕП,1402,683,302
4,ПРИЛЕП,1403,775,453
4,ПРИЛЕП,1404,687,449
4,ПРИЛЕП,1405,774,473
4,ПРИЛЕП,1406,280,192
4,ПРИЛЕП,1407,328,206
4,ПРИЛЕП,1408,747,465
4,ПРИЛЕП,1409,495,334
4,ПРИЛЕП,1410,782,501
4,ПРИЛЕП,1411,526,327
4,ПРИЛЕП,1412,580,376
4,ПРИЛЕП,1413,472,300
4,ПРИЛЕП,1414,797,491
4,ПРИЛЕП,1415,455,289
4,ПРИЛЕП,1416,534,349
4,ПРИЛЕП,1417,911,559
4,ПРИЛЕП,1418,434,270
4,ПРИЛЕП,1419,512,320
4,ПРИЛЕП,1420,907,574
4,ПРИЛЕП,1421,894,582
4,ПРИЛЕП,1422,11,3
4,ПРИЛЕП,1423,19,10
4,ПРИЛЕП,1424,17,14
4,ПРИЛЕП,1425,5,1
4,ПРИЛЕП,1426,6,0
4,ПРИЛЕП,1427,97,45
4,ПРИЛЕП,1428,1,0
4,ПРИЛЕП,1429,5,0
4,ПРИЛЕП,1430,9,1
4,ПРИЛЕП,1431,34,28
4,ПРИЛЕП,1432,307,243
4,ПРИЛЕП,1433,29,17
4,ПРИЛЕП,1434,194,155
4,ПРИЛЕП,1435,165,91
4,ПРИЛЕП,1436,3,0
4,ПРИЛЕП,1437,4,0
4,ПРИЛЕП,1438,20,0
4,ПРИЛЕП,1439,68,41
4,ПРИЛЕП,1440,244,142
4,ПРИЛЕП,1441,3,0
4,ПРИЛЕП,1442,2,0
4,ПРИЛЕП,1443,875,560
4,ПРИЛЕП,1444,749,477
4,ПРИЛЕП,1445,670,437
4,ПРИЛЕП,1446,232,169
4,ПРИЛЕП,1447,575,401
4,ПРИЛЕП,1448,551,390
4,ПРИЛЕП,1449,203,150
4,ПРИЛЕП,1450,797,492
4,ПРИЛЕП,1451,315,212
4,ПРИЛЕП,1452,636,379
4,ПРИЛЕП,1453,604,384
4,ПРИЛЕП,1454,734,419
4,ПРИЛЕП,1455,455,305
4,ПРИЛЕП,1456,537,195
4,ПРИЛЕП,1457,563,213
4,ПРИЛЕП,1367/1,437,258
4,ПРИЛЕП,1374/1,760,490
4,ПРИЛЕП,1375/1,753,435
4,ПРИЛЕП,1380/1,808,457
4,ПРИЛЕП,1385/1,490,312
4,ПРИЛЕП,1387/1,478,285
4,ПРИЛЕП,1392/1,519,329
4,ПРИЛЕП,1400/1,566,268
4,ПРИЛЕП,1402/1,642,314
4,ПРИЛЕП,1456/1,535,218
4,ПРИЛЕП,1494,983,653
4,ПРИЛЕП,1495,255,166
4,ПРИЛЕП,1496,13,0
4,ПРИЛЕП,1497,120,70
4,ПРИЛЕП,1498,7,0
4,ПРИЛЕП,1499,38,15
4,ПРИЛЕП,1500,323,209
4,ПРИЛЕП,1501,75,27
4,ПРИЛЕП,1502,99,58
4,ПРИЛЕП,1503,98,43
4,ПРИЛЕП,1504,49,32
4,ПРИЛЕП,1505,134,95
4,ПРИЛЕП,1506,170,113
4,ПРИЛЕП,1507,42,22
4,ПРИЛЕП,1520,37,11
4,ПРИЛЕП,1521,11,4
4,ПРИЛЕП,1522,2,0
4,ПРИЛЕП,1523,43,19
4,ПРИЛЕП,1524,7,0
4,ПРИЛЕП,1525,29,7
4,ПРИЛЕП,1526,7,0
4,ПРИЛЕП,1527,120,74
4,ПРИЛЕП,1528,30,5
4,ПРИЛЕП,1529,22,13
4,ПРИЛЕП,ЗРД-1953,84,0
4,РАДОВИШ,1574,834,442
4,РАДОВИШ,1575,843,447
4,РАДОВИШ,1576,689,360
4,РАДОВИШ,1577,879,503
4,РАДОВИШ,1578,497,269
4,РАДОВИШ,1579,540,264
4,РАДОВИШ,1580,572,269
4,РАДОВИШ,1581,752,348
4,РАДОВИШ,1582,782,400
4,РАДОВИШ,1583,684,401
4,РАДОВИШ,1584,804,451
4,РАДОВИШ,1585,514,256
4,РАДОВИШ,1586,682,371
4,РАДОВИШ,1587,908,425
4,РАДОВИШ,1588,623,293
4,РАДОВИШ,1589,541,270
4,РАДОВИШ,1590,715,355
4,РАДОВИШ,1591,670,317
4,РАДОВИШ,1592,790,254
4,РАДОВИШ,1593,205,82
4,РАДОВИШ,1594,634,266
4,РАДОВИШ,1595,655,266
4,РАДОВИШ,1596,764,237
4,РАДОВИШ,1597,166,59
4,РАДОВИШ,1598,306,210
4,РАДОВИШ,1599,487,212
4,РАДОВИШ,1600,127,75
4,РАДОВИШ,1601,49,5
4,РАДОВИШ,1602,396,218
4,РАДОВИШ,1603,299,173
4,РАДОВИШ,1604,11,8
4,РАДОВИШ,1605,230,163
4,РАДОВИШ,1606,7,1
4,РАДОВИШ,1607,3,2
4,РАДОВИШ,1578/1,497,275
4,РАДОВИШ,1579/1,512,231
4,РАДОВИШ,1580/1,567,289
4,РАДОВИШ,1581/1,680,342
4,РАДОВИШ,1582/1,713,361
4,РАДОВИШ,1583/1,643,313
4,РАДОВИШ,1618,615,281
4,РАДОВИШ,1619,619,259
4,РАДОВИШ,1620,13,0
4,РАДОВИШ,1621,651,225
4,РАДОВИШ,1622,318,161
4,РАДОВИШ,1623,687,347
4,РАДОВИШ,ЗРД-1970,34,0
4,РОСОМАН,0713,131,81
4,РОСОМАН,0714,29,17
4,РОСОМАН,0715,247,158
4,РОСОМАН,0716,172,115
4,РОСОМАН,0717,463,290
4,РОСОМАН,0718,67,40
4,РОСОМАН,0719,63,41
4,РОСОМАН,0720,864,586
4,РОСОМАН,0721,589,423
4,РОСОМАН,0722,726,528
4,РОСОМАН,ЗРД-2003,2,0
4,СТРУМИЦА,1763/1,627,165
4,СТРУМИЦА,1713,603,357
4,СТРУМИЦА,1714,366,217
4,СТРУМИЦА,1715,527,348
4,СТРУМИЦА,1716,726,473
4,СТРУМИЦА,1717,523,327
4,СТРУМИЦА,1718,668,430
4,СТРУМИЦА,1719,494,283
4,СТРУМИЦА,1720,872,504
4,СТРУМИЦА,1721,655,392
4,СТРУМИЦА,1722,517,332
4,СТРУМИЦА,1723,767,508
4,СТРУМИЦА,1724,590,346
4,СТРУМИЦА,1725,525,313
4,СТРУМИЦА,1726,813,470
4,СТРУМИЦА,1727,545,343
4,СТРУМИЦА,1728,549,304
4,СТРУМИЦА,1729,722,419
4,СТРУМИЦА,1730,586,348
4,СТРУМИЦА,1731,809,462
4,СТРУМИЦА,1732,551,304
4,СТРУМИЦА,1733,745,444
4,СТРУМИЦА,1734,869,532
4,СТРУМИЦА,1735,539,301
4,СТРУМИЦА,1736,342,207
4,СТРУМИЦА,1737,499,308
4,СТРУМИЦА,1738,839,475
4,СТРУМИЦА,1739,745,441
4,СТРУМИЦА,1740,744,438
4,СТРУМИЦА,1741,925,570
4,СТРУМИЦА,1742,374,209
4,СТРУМИЦА,1743,538,333
4,СТРУМИЦА,1744,583,365
4,СТРУМИЦА,1745,621,393
4,СТРУМИЦА,1746,454,307
4,СТРУМИЦА,1747,780,489
4,СТРУМИЦА,1748,506,334
4,СТРУМИЦА,1749,550,350
4,СТРУМИЦА,1750,340,244
4,СТРУМИЦА,1751,653,450
4,СТРУМИЦА,1752,518,314
4,СТРУМИЦА,1753,345,208
4,СТРУМИЦА,1754,796,396
4,СТРУМИЦА,1755,459,254
4,СТРУМИЦА,1756,774,444
4,СТРУМИЦА,1757,784,477
4,СТРУМИЦА,1758,702,414
4,СТРУМИЦА,1759,759,426
4,СТРУМИЦА,1760,652,318
4,СТРУМИЦА,1761,586,268
4,СТРУМИЦА,1762,654,395
4,СТРУМИЦА,1763,730,142
4,СТРУМИЦА,1764,260,152
4,СТРУМИЦА,1765,832,485
4,СТРУМИЦА,1766,696,336
4,СТРУМИЦА,1767,322,212
4,СТРУМИЦА,1768,256,97
4,СТРУМИЦА,1769,14,13
4,СТРУМИЦА,1770,782,456
4,СТРУМИЦА,1771,829,444
4,СТРУМИЦА,1772,758,386
4,СТРУМИЦА,1773,590,317
4,СТРУМИЦА,1720/1,921,564
4,СТРУМИЦА,1727/1,542,356
4,СТРУМИЦА,1728/1,568,361
4,СТРУМИЦА,1730/1,680,417
4,СТРУМИЦА,1731/1,736,402
4,СТРУМИЦА,1793,338,105
4,СТРУМИЦА,1827,710,348
4,СТРУМИЦА,1828,646,316
4,СТРУМИЦА,1829,850,456
4,СТРУМИЦА,1830,518,216
4,СТРУМИЦА,1831,572,219
4,СТРУМИЦА,1832,15,5
4,СТРУМИЦА,1833,29,8
4,СТРУМИЦА,1834,63,33
4,СТРУМИЦА,1835,90,51
4,СТРУМИЦА,1836,265,150
4,СТРУМИЦА,1837,887,575
4,СТРУМИЦА,1838,905,571
4,СТРУМИЦА,1839,433,248
4,СТРУМИЦА,1840,880,576
4,СТРУМИЦА,1841,833,547
4,СТРУМИЦА,ЗРД-2143,81,0
5,БИТОЛА,0026,900,450
5,БИТОЛА,0027,529,289
5,БИТОЛА,0028,472,269
5,БИТОЛА,0029,476,269
5,БИТОЛА,0030,342,189
5,БИТОЛА,0031,543,331
5,БИТОЛА,0032,773,430
5,БИТОЛА,0033,498,276
5,БИТОЛА,0034,508,288
5,БИТОЛА,0035,689,413
5,БИТОЛА,0036,334,188
5,БИТОЛА,0037,723,385
5,БИТОЛА,0038,506,318
5,БИТОЛА,0039,637,394
5,БИТОЛА,0040,626,360
5,БИТОЛА,0041,749,455
5,БИТОЛА,0042,764,454
5,БИТОЛА,0043,615,361
5,БИТОЛА,0044,253,147
5,БИТОЛА,0045,579,334
5,БИТОЛА,0046,738,428
5,БИТОЛА,0047,914,567
5,БИТОЛА,0048,736,426
5,БИТОЛА,0049,633,362
5,БИТОЛА,0050,720,416
5,БИТОЛА,0051,409,249
5,БИТОЛА,0052,439,237
5,БИТОЛА,0053,400,235
5,БИТОЛА,0054,299,174
5,БИТОЛА,0055,380,233
5,БИТОЛА,0056,347,208
5,БИТОЛА,0057,556,318
5,БИТОЛА,0058,698,416
5,БИТОЛА,0059,340,216
5,БИТОЛА,0060,669,399
5,БИТОЛА,0061,628,307
5,БИТОЛА,0062,756,411
5,БИТОЛА,0063,956,583
5,БИТОЛА,0064,438,214
5,БИТОЛА,0065,969,547
5,БИТОЛА,0066,607,376
5,БИТОЛА,0067,643,349
5,БИТОЛА,0068,575,253
5,БИТОЛА,0069,754,430
5,БИТОЛА,0070,801,448
5,БИТОЛА,0071,513,296
5,БИТОЛА,0072,495,327
5,БИТОЛА,0073,1007,583
5,БИТОЛА,0074,468,269
5,БИТОЛА,0075,724,403
5,БИТОЛА,0076,595,352
5,БИТОЛА,0077,719,417
5,БИТОЛА,0078,436,268
5,БИТОЛА,0079,686,446
5,БИТОЛА,0080,350,215
5,БИТОЛА,0081,428,226
5,БИТОЛА,0082,547,341
5,БИТОЛА,0083,697,380
5,БИТОЛА,0084,592,356
5,БИТОЛА,0085,539,313
5,БИТОЛА,0086,564,327
5,БИТОЛА,0087,672,341
5,БИТОЛА,0088,554,309
5,БИТОЛА,0089,716,404
5,БИТОЛА,0090,807,406
5,БИТОЛА,0091,559,336
5,БИТОЛА,0092,919,510
5,БИТОЛА,0093,569,239
5,БИТОЛА,0094,502,311
5,БИТОЛА,0095,663,362
5,БИТОЛА,0096,448,258
5,БИТОЛА,0097,726,424
5,БИТОЛА,0098,393,218
5,БИТОЛА,0099,664,369
5,БИТОЛА,0100,508,329
5,БИТОЛА,0101,767,435
5,БИТОЛА,0102,721,440
5,БИТОЛА,0103,566,300
5,БИТОЛА,0104,744,407
5,БИТОЛА,0105,592,334
5,БИТОЛА,0106,523,295
5,БИТОЛА,0107,672,418
5,БИТОЛА,0108,567,346
5,БИТОЛА,0109,491,259
5,БИТОЛА,0110,798,471
5,БИТОЛА,0111,835,494
5,БИТОЛА,0112,919,460
5,БИТОЛА,0113,880,505
5,БИТОЛА,0114,530,308
5,БИТОЛА,0115,458,264
5,БИТОЛА,0116,612,400
5,БИТОЛА,0117,544,319
5,БИТОЛА,0118,776,459
5,БИТОЛА,0119,581,323
5,БИТОЛА,0120,531,281
5,БИТОЛА,0121,491,307
5,БИТОЛА,0122,524,313
5,БИТОЛА,0123,714,418
5,БИТОЛА,0124,814,468
5,БИТОЛА,0125,589,328
5,БИТОЛА,0126,271,172
5,БИТОЛА,0127,207,112
5,БИТОЛА,0128,26,9
5,БИТОЛА,0129,256,130
5,БИТОЛА,0130,159,90
5,БИТОЛА,0131,329,181
5,БИТОЛА,0132,146,73
5,БИТОЛА,0133,494,292
5,БИТОЛА,0134,87,53
5,БИТОЛА,0135,258,160
5,БИТОЛА,0136,200,120
5,БИТОЛА,0137,543,329
5,БИТОЛА,0138,71,27
5,БИТОЛА,0139,95,64
5,БИТОЛА,0140,154,96
5,БИТОЛА,0141,239,149
5,БИТОЛА,0142,119,54
5,БИТОЛА,0143,170,81
5,БИТОЛА,0144,24,0
5,БИТОЛА,0145,143,59
5,БИТОЛА,0146,275,126
5,БИТОЛА,0147,303,93
5,БИТОЛА,0148,151,78
5,БИТОЛА,0149,769,491
5,БИТОЛА,0150,516,333
5,БИТОЛА,0151,125,82
5,БИТОЛА,0152,251,114
5,БИТОЛА,0153,152,95
5,БИТОЛА,0154,151,67
5,БИТОЛА,0155,90,46
5,БИТОЛА,0156,217,134
5,БИТОЛА,0157,9,4
5,БИТОЛА,0038/1,465,318
5,БИТОЛА,0039/1,569,371
5,БИТОЛА,0040/1,561,341
5,БИТОЛА,0066/1,571,361
5,БИТОЛА,0076/1,628,359
5,БИТОЛА,0089/1,613,295
5,БИТОЛА,0093/1,577,273
5,БИТОЛА,0094/1,506,292
5,БИТОЛА,0102/1,656,361
5,БИТОЛА,0106/1,459,271
5,БИТОЛА,0119/1,621,366
5,БИТОЛА,0120/1,435,209
5,БИТОЛА,0121/1,503,283
5,БИТОЛА,0122/1,569,325
5,БИТОЛА,0123/1,634,355
5,БИТОЛА,0124/1,751,413
5,БИТОЛА,0125/1,544,258
5,БИТОЛА,0150/1,498,345
5,БИТОЛА,0205,73,23
5,БИТОЛА,0206,66,22
5,БИТОЛА,0207,225,137
5,БИТОЛА,0208,79,43
5,БИТОЛА,0209,26,14
5,БИТОЛА,0210,103,64
5,БИТОЛА,0211,58,26
5,БИТОЛА,0212,379,222
5,БИТОЛА,0213,99,51
5,БИТОЛА,ЗРД-1066,118,0
5,ВЕВЧАНИ,1921,674,456
5,ВЕВЧАНИ,1922,927,625
5,ВЕВЧАНИ,1923,460,326
5,ВЕВЧАНИ,ЗРД-1171,1,0
5,ДЕБАР,0477,934,310
5,ДЕБАР,0477/1,867,257
5,ДЕБАР,0534,969,313
5,ДЕБАР,0535,549,195
5,ДЕБАР,0536,739,356
5,ДЕБАР,0537,650,228
5,ДЕБАР,0538,822,345
5,ДЕБАР,0539,998,434
5,ДЕБАР,0540,573,248
5,ДЕБАР,0541,818,315
5,ДЕБАР,0542,948,425
5,ДЕБАР,0543,770,450
5,ДЕБАР,0544,826,444
5,ДЕБАР,0545,1019,462
5,ДЕБАР,0546,826,357
5,ДЕБАР,0547,514,149
5,ДЕБАР,0548,776,260
5,ДЕБАР,0544/1,768,389
5,ДЕБАР,0547/1,662,255
5,ДЕБАР,0549,582,193
5,ДЕБАР,0550,301,122
5,ДЕБАР,0551,77,21
5,ДЕБАР,0552,162,44
5,ДЕБАР,0553,1050,315
5,ДЕБАР,0554,105,37
5,ДЕБАР,0555,743,282
5,ДЕБАР,0556,716,356
5,ДЕБАР,ЗРД-1309,9,0
5,ДЕБРЦА,1314,322,206
5,ДЕБРЦА,1315,67,35
5,ДЕБРЦА,1316,167,128
5,ДЕБРЦА,1317,77,70
5,ДЕБРЦА,1318,14,8
5,ДЕБРЦА,1319,192,131
5,ДЕБРЦА,1320,290,182
5,ДЕБРЦА,1321,23,12
5,ДЕБРЦА,1322,391,274
5,ДЕБРЦА,1323,65,38
5,ДЕБРЦА,1324,122,65
5,ДЕБРЦА,1325,80,50
5,ДЕБРЦА,1326,30,17
5,ДЕБРЦА,1327,11,7
5,ДЕБРЦА,1328,3,1
5,ДЕБРЦА,1329,12,7
5,ДЕБРЦА,1330,2,0
5,ДЕБРЦА,1331,8,0
5,ДЕБРЦА,1332,29,14
5,ДЕБРЦА,1333,30,19
5,ДЕБРЦА,1334,57,37
5,ДЕБРЦА,1343,443,268
5,ДЕБРЦА,1344,306,144
5,ДЕБРЦА,1345,494,240
5,ДЕБРЦА,1346,486,290
5,ДЕБРЦА,1347,373,243
5,ДЕБРЦА,1348,39,19
5,ДЕБРЦА,1349,289,143
5,ДЕБРЦА,ЗРД-1031,5,0
5,КРИВОГАШТАНИ,1212,84,57
5,КРИВОГАШТАНИ,ЗРД-1635/1,0,0
5,ДЕМИР ХИСАР,0619,49,32
5,ДЕМИР ХИСАР,0620,204,148
5,ДЕМИР ХИСАР,0621,182,133
5,ДЕМИР ХИСАР,0622,86,66
5,ДЕМИР ХИСАР,0623,523,341
5,ДЕМИР ХИСАР,0624,902,619
5,ДЕМИР ХИСАР,0625,248,165
5,ДЕМИР ХИСАР,0626,183,126
5,ДЕМИР ХИСАР,0627,119,69
5,ДЕМИР ХИСАР,0628,274,228
5,ДЕМИР ХИСАР,0629,22,10
5,ДЕМИР ХИСАР,0630,270,164
5,ДЕМИР ХИСАР,0631,173,112
5,ДЕМИР ХИСАР,0632,11,2
5,ДЕМИР ХИСАР,0633,272,210
5,ДЕМИР ХИСАР,0634,48,31
5,ДЕМИР ХИСАР,0635,577,405
5,ДЕМИР ХИСАР,0636,257,172
5,ДЕМИР ХИСАР,0637,197,125
5,ДЕМИР ХИСАР,0638,306,219
5,ДЕМИР ХИСАР,0639,12,5
5,ДЕМИР ХИСАР,0640,6,2
5,ДЕМИР ХИСАР,0641,20,13
5,ДЕМИР ХИСАР,0642,37,21
5,ДЕМИР ХИСАР,0643,7,0
5,ДЕМИР ХИСАР,0644,46,28
5,ДЕМИР ХИСАР,0645,118,78
5,ДЕМИР ХИСАР,0646,49,26
5,ДЕМИР ХИСАР,0647,69,52
5,ДЕМИР ХИСАР,0648,258,201
5,ДЕМИР ХИСАР,0649,25,7
5,ДЕМИР ХИСАР,0650,13,12
5,ДЕМИР ХИСАР,0651,61,39
5,ДЕМИР ХИСАР,0652,71,39
5,ДЕМИР ХИСАР,0653,8,1
5,ДЕМИР ХИСАР,0654,156,97
5,ДЕМИР ХИСАР,0655,668,465
5,ДЕМИР ХИСАР,0656,3,0
5,ДЕМИР ХИСАР,0657,10,0
5,ДЕМИР ХИСАР,0658,7,2
5,ДЕМИР ХИСАР,0623/1,494,355
5,ДЕМИР ХИСАР,ЗРД-1341,4,0
5,ДОЛНЕНИ,1209,958,426
5,ДОЛНЕНИ,1210,936,357
5,ДОЛНЕНИ,1211,213,62
5,ДОЛНЕНИ,1458,105,64
5,ДОЛНЕНИ,1459,904,480
5,ДОЛНЕНИ,1460,171,13
5,ДОЛНЕНИ,1461,34,21
5,ДОЛНЕНИ,1462,90,53
5,ДОЛНЕНИ,1463,7,4
5,ДОЛНЕНИ,1464,67,31
5,ДОЛНЕНИ,1465,135,68
5,ДОЛНЕНИ,1466,86,56
5,ДОЛНЕНИ,1467,195,133
5,ДОЛНЕНИ,1468,22,16
5,ДОЛНЕНИ,1469,37,1
5,ДОЛНЕНИ,1470,660,378
5,ДОЛНЕНИ,1471,1064,627
5,ДОЛНЕНИ,1472,772,379
5,ДОЛНЕНИ,1473,923,452
5,ДОЛНЕНИ,1474,64,36
5,ДОЛНЕНИ,1475,838,529
5,ДОЛНЕНИ,1476,735,450
5,ДОЛНЕНИ,1477,95,69
5,ДОЛНЕНИ,1478,27,11
5,ДОЛНЕНИ,1479,5,0
5,ДОЛНЕНИ,1480,18,3
5,ДОЛНЕНИ,1481,12,3
5,ДОЛНЕНИ,1482,23,10
5,ДОЛНЕНИ,1483,37,10
5,ДОЛНЕНИ,1484,400,258
5,ДОЛНЕНИ,1485,53,17
5,ДОЛНЕНИ,1486,30,15
5,ДОЛНЕНИ,1487,210,94
5,ДОЛНЕНИ,1488,436,234
5,ДОЛНЕНИ,1489,275,165
5,ДОЛНЕНИ,1490,137,84
5,ДОЛНЕНИ,1491,18,14
5,ДОЛНЕНИ,1492,73,52
5,ДОЛНЕНИ,1493,209,147
5,ДОЛНЕНИ,1470/1,612,358
5,ДОЛНЕНИ,ЗРД-1376,7,0
5,КИЧЕВО,0723,637,237
5,КИЧЕВО,0724,589,217
5,КИЧЕВО,0725,678,277
5,КИЧЕВО,0726,795,295
5,КИЧЕВО,0727,688,410
5,КИЧЕВО,0728,738,285
5,КИЧЕВО,0729,815,394
5,КИЧЕВО,0730,670,445
5,КИЧЕВО,0731,672,386
5,КИЧЕВО,0732,652,365
5,КИЧЕВО,0733,571,225
5,КИЧЕВО,0734,874,402
5,КИЧЕВО,0735,783,353
5,КИЧЕВО,0736,628,241
5,КИЧЕВО,0737,634,277
5,КИЧЕВО,0738,567,333
5,КИЧЕВО,0739,544,374
5,КИЧЕВО,0740,1024,678
5,КИЧЕВО,0741,791,315
5,КИЧЕВО,0742,691,201
5,КИЧЕВО,0743,650,348
5,КИЧЕВО,0744,946,590
5,КИЧЕВО,0745,448,276
5,КИЧЕВО,0746,767,647
5,КИЧЕВО,0747,732,403
5,КИЧЕВО,0748,733,352
5,КИЧЕВО,0749,611,246
5,КИЧЕВО,0750,796,503
5,КИЧЕВО,0751,598,328
5,КИЧЕВО,0752,474,281
5,КИЧЕВО,0753,83,48
5,КИЧЕВО,0754,356,159
5,КИЧЕВО,0755,175,107
5,КИЧЕВО,0756,13,8
5,КИЧЕВО,0757,748,247
5,КИЧЕВО,0726/1,484,150
5,КИЧЕВО,0733/1,561,235
5,КИЧЕВО,0736/1,613,279
5,КИЧЕВО,0737/1,674,290
5,КИЧЕВО,0738/1,445,257
5,КИЧЕВО,0739/1,452,294
5,КИЧЕВО,0745/1,538,349
5,КИЧЕВО,0751/1,630,350
5,КИЧЕВО,0752/1,551,320
5,КИЧЕВО,0758,43,13
5,КИЧЕВО,0759,107,71
5,КИЧЕВО,0760,12,7
5,КИЧЕВО,0761,8,1
5,КИЧЕВО,0762,39,22
5,КИЧЕВО,0763,33,23
5,КИЧЕВО,0764,629,439
5,КИЧЕВО,0765,695,444
5,КИЧЕВО,0766,1,1
5,КИЧЕВО,0767,11,6
5,КИЧЕВО,0768,41,19
5,КИЧЕВО,0769,19,9
5,КИЧЕВО,0770,7,1
5,КИЧЕВО,0771,32,21
5,КИЧЕВО,0772,11,2
5,КИЧЕВО,0773,8,3
5,КИЧЕВО,0774,78,51
5,КИЧЕВО,0775,53,32
5,КИЧЕВО,0776,15,6
5,КИЧЕВО,0777,93,69
5,КИЧЕВО,0778,11,3
5,КИЧЕВО,0779,35,17
5,КИЧЕВО,0780,436,251
5,КИЧЕВО,0781,56,31
5,КИЧЕВО,0802,20,5
5,КИЧЕВО,0803,108,71
5,КИЧЕВО,0804,355,188
5,КИЧЕВО,0805,6,2
5,КИЧЕВО,0806,40,17
5,КИЧЕВО,0807,9,3
5,КИЧЕВО,0808,24,12
5,КИЧЕВО,0809,35,17
5,КИЧЕВО,0810,18,14
5,КИЧЕВО,0811,12,6
5,КИЧЕВО,0812,146,116
5,КИЧЕВО,0813,388,110
5,КИЧЕВО,ЗРД-1520,32,0
5,КРУШЕВО,1187,549,428
5,КРУШЕВО,1188,743,600
5,КРУШЕВО,1189,491,372
5,КРУШЕВО,1190,360,304
5,КРУШЕВО,1191,626,503
5,КРУШЕВО,1192,865,669
5,КРУШЕВО,1193,19,11
5,КРУШЕВО,1194,496,373
5,КРУШЕВО,1195,392,266
5,КРУШЕВО,1196,208,147
5,КРУШЕВО,1197,421,225
5,КРУШЕВО,1198,585,444
5,КРУШЕВО,1199,297,229
5,КРУШЕВО,1200,41,24
5,КРУШЕВО,1201,375,258
5,КРУШЕВО,1202,279,104
5,КРУШЕВО,1203,508,215
5,КРУШЕВО,1204,64,38
5,КРУШЕВО,1205,15,11
5,КРУШЕВО,1206,17,12
5,КРУШЕВО,1207,5,0
5,КРУШЕВО,1208,95,44
5,КРУШЕВО,1187/1,470,353
5,КРУШЕВО,ЗРД-1643,5,0
5,МАВРОВО И РОСТУШЕ,0463,5,1
5,МАВРОВО И РОСТУШЕ,0464,647,151
5,МАВРОВО И РОСТУШЕ,0465,594,139
5,МАВРОВО И РОСТУШЕ,0466,363,145
5,МАВРОВО И РОСТУШЕ,0467,127,50
5,МАВРОВО И РОСТУШЕ,0468,255,61
5,МАВРОВО И РОСТУШЕ,0469,869,418
5,МАВРОВО И РОСТУШЕ,0470,506,124
5,МАВРОВО И РОСТУШЕ,0471,862,289
5,МАВРОВО И РОСТУШЕ,0472,54,29
5,МАВРОВО И РОСТУШЕ,0473,654,140
5,МАВРОВО И РОСТУШЕ,0474,447,94
5,МАВРОВО И РОСТУШЕ,0475,168,47
5,МАВРОВО И РОСТУШЕ,0476,575,117
5,МАВРОВО И РОСТУШЕ,0464/1,562,158
5,МАВРОВО И РОСТУШЕ,0465/1,528,154
5,МАВРОВО И РОСТУШЕ,0470/1,729,180
5,МАВРОВО И РОСТУШЕ,0473/1,512,101
5,МАВРОВО И РОСТУШЕ,0474/1,640,88
5,МАВРОВО И РОСТУШЕ,0478,64,24
5,МАВРОВО И РОСТУШЕ,0479,20,10
5,МАВРОВО И РОСТУШЕ,0481,88,38
5,МАВРОВО И РОСТУШЕ,0482,8,1
5,МАВРОВО И РОСТУШЕ,0483,36,2
5,МАВРОВО И РОСТУШЕ,0484,6,2
5,МАВРОВО И РОСТУШЕ,0485,8,2
5,МАВРОВО И РОСТУШЕ,0486,48,2
5,МАВРОВО И РОСТУШЕ,0487,4,3
5,МАВРОВО И РОСТУШЕ,0488,55,22
5,МАВРОВО И РОСТУШЕ,0489,5,3
5,МАВРОВО И РОСТУШЕ,0490,157,122
5,МАВРОВО И РОСТУШЕ,0491,35,23
5,МАВРОВО И РОСТУШЕ,0492,32,27
5,МАВРОВО И РОСТУШЕ,0493,112,93
5,МАВРОВО И РОСТУШЕ,0494,111,75
5,МАВРОВО И РОСТУШЕ,0495,26,16
5,МАВРОВО И РОСТУШЕ,0496,23,11
5,МАВРОВО И РОСТУШЕ,0497,23,13
5,МАВРОВО И РОСТУШЕ,0498,37,18
5,МАВРОВО И РОСТУШЕ,ЗРД-1724,1,0
5,ОХРИД,1249,592,334
5,ОХРИД,1250,596,377
5,ОХРИД,1251,780,455
5,ОХРИД,1252,840,475
5,ОХРИД,1253,732,400
5,ОХРИД,1254,622,328
5,ОХРИД,1255,523,256
5,ОХРИД,1256,474,258
5,ОХРИД,1257,973,484
5,ОХРИД,1258,499,276
5,ОХРИД,1259,521,257
5,ОХРИД,1260,646,360
5,ОХРИД,1261,738,346
5,ОХРИД,1262,659,355
5,ОХРИД,1263,503,245
5,ОХРИД,1264,517,245
5,ОХРИД,1265,945,460
5,ОХРИД,1266,533,277
5,ОХРИД,1267,914,465
5,ОХРИД,1268,549,298
5,ОХРИД,1269,921,481
5,ОХРИД,1270,795,469
5,ОХРИД,1271,1374,775
5,ОХРИД,1272,772,419
5,ОХРИД,1273,872,475
5,ОХРИД,1274,491,293
5,ОХРИД,1275,782,422
5,ОХРИД,1276,884,493
5,ОХРИД,1277,754,446
5,ОХРИД,1278,551,331
5,ОХРИД,1279,937,547
5,ОХРИД,1280,908,562
5,ОХРИД,1281,613,360
5,ОХРИД,1282,613,302
5,ОХРИД,1283,640,357
5,ОХРИД,1284,849,438
5,ОХРИД,1285,356,200
5,ОХРИД,1286,882,459
5,ОХРИД,1287,945,489
5,ОХРИД,1288,1034,561
5,ОХРИД,1289,733,417
5,ОХРИД,1290,688,462
5,ОХРИД,1291,151,99
5,ОХРИД,1292,276,196
5,ОХРИД,1293,591,388
5,ОХРИД,1294,645,318
5,ОХРИД,1295,877,503
5,ОХРИД,1296,151,77
5,ОХРИД,1297,99,52
5,ОХРИД,1298,548,351
5,ОХРИД,1299,804,451
5,ОХРИД,1300,540,305
5,ОХРИД,1301,504,367
5,ОХРИД,1302,92,54
5,ОХРИД,1303,18,11
5,ОХРИД,1304,430,279
5,ОХРИД,1305,979,626
5,ОХРИД,1306,685,399
5,ОХРИД,1307,973,540
5,ОХРИД,1308,569,295
5,ОХРИД,1309,527,243
5,ОХРИД,1310,696,336
5,ОХРИД,1311,818,387
5,ОХРИД,1312,414,209
5,ОХРИД,1313,293,166
5,ОХРИД,1253/1,673,360
5,ОХРИД,1254/1,647,330
5,ОХРИД,1255/1,503,246
5,ОХРИД,1258/1,555,269
5,ОХРИД,1259/1,558,288
5,ОХРИД,1263/1,582,336
5,ОХРИД,1264/1,611,320
5,ОХРИД,1268/1,618,348
5,ОХРИД,1278/1,553,318
5,ОХРИД,1281/1,517,303
5,ОХРИД,1282/1,449,243
5,ОХРИД,1283/1,578,323
5,ОХРИД,1298/1,524,331
5,ОХРИД,1308/1,454,220
5,ОХРИД,1309/1,582,240
5,ОХРИД,1310/1,617,285
5,ОХРИД,1335,5,0
5,ОХРИД,1336,526,281
5,ОХРИД,1337,81,38
5,ОХРИД,1338,146,73
5,ОХРИД,1339,63,29
5,ОХРИД,1340,12,5
5,ОХРИД,1341,328,184
5,ОХРИД,1342,98,51
5,ОХРИД,ЗРД-1899,37,0
5,ПЛАСНИЦА,0275,10,3
5,ПЛАСНИЦА,0276,578,179
5,ПЛАСНИЦА,0277,702,324
5,ПЛАСНИЦА,0278,606,320
5,ПЛАСНИЦА,0279,692,141
5,ПЛАСНИЦА,0276/1,553,128
5,ПЛАСНИЦА,0277/1,542,259
5,ПЛАСНИЦА,0278/1,669,226
5,ПЛАСНИЦА,0279/1,693,143
5,ПЛАСНИЦА,ЗРД-1937,6,0
5,РЕСЕН,1631/1,454,273
5,РЕСЕН,1624,198,109
5,РЕСЕН,1625,68,25
5,РЕСЕН,1626,363,125
5,РЕСЕН,1627,186,119
5,РЕСЕН,1628,74,40
5,РЕСЕН,1629,80,63
5,РЕСЕН,1630,135,84
5,РЕСЕН,1631,545,356
5,РЕСЕН,1632,246,40
5,РЕСЕН,1633,29,7
5,РЕСЕН,1634,52,34
5,РЕСЕН,1635,202,110
5,РЕСЕН,1636,71,46
5,РЕСЕН,1637,662,339
5,РЕСЕН,1638,609,319
5,РЕСЕН,1639,828,453
5,РЕСЕН,1640,668,367
5,РЕСЕН,1641,781,443
5,РЕСЕН,1642,553,251
5,РЕСЕН,1643,567,307
5,РЕСЕН,1644,777,360
5,РЕСЕН,1645,500,279
5,РЕСЕН,1646,451,229
5,РЕСЕН,1647,726,387
5,РЕСЕН,1648,216,60
5,РЕСЕН,1649,166,44
5,РЕСЕН,1650,187,98
5,РЕСЕН,1651,352,138
5,РЕСЕН,1652,810,288
5,РЕСЕН,1653,182,91
5,РЕСЕН,1654,142,65
5,РЕСЕН,1655,148,74
5,РЕСЕН,1656,158,99
5,РЕСЕН,1657,56,24
5,РЕСЕН,1658,95,71
5,РЕСЕН,1659,698,200
5,РЕСЕН,1660,309,139
5,РЕСЕН,1661,596,162
5,РЕСЕН,1662,151,86
5,РЕСЕН,1663,362,183
5,РЕСЕН,1664,182,79
5,РЕСЕН,1665,170,77
5,РЕСЕН,1666,105,46
5,РЕСЕН,1667,19,5
5,РЕСЕН,1668,70,36
5,РЕСЕН,1669,64,47
5,РЕСЕН,1670,418,197
5,РЕСЕН,1638/1,600,336
5,РЕСЕН,1640/1,499,269
5,РЕСЕН,ЗРД-1996,4,0
5,СТРУГА,1909/1,658,183
5,СТРУГА,1910/1,547,253
5,СТРУГА,1916/1,635,195
5,СТРУГА,1917/1,471,163
5,СТРУГА,1918/1,524,176
5,СТРУГА,1844,771,450
5,СТРУГА,1845,932,555
5,СТРУГА,1846,650,343
5,СТРУГА,1847,842,455
5,СТРУГА,1848,574,350
5,СТРУГА,1849,732,463
5,СТРУГА,1850,413,147
5,СТРУГА,1851,427,258
5,СТРУГА,1852,1064,465
5,СТРУГА,1853,495,256
5,СТРУГА,1854,879,471
5,СТРУГА,1855,934,574
5,СТРУГА,1856,888,468
5,СТРУГА,1857,672,308
5,СТРУГА,1858,522,253
5,СТРУГА,1859,543,231
5,СТРУГА,1860,746,340
5,СТРУГА,1861,1017,502
5,СТРУГА,1862,271,141
5,СТРУГА,1863,631,291
5,СТРУГА,1864,985,502
5,СТРУГА,1865,672,444
5,СТРУГА,1866,821,506
5,СТРУГА,1867,630,408
5,СТРУГА,1868,477,165
5,СТРУГА,1869,786,510
5,СТРУГА,1870,523,286
5,СТРУГА,1871,985,349
5,СТРУГА,1872,569,198
5,СТРУГА,1873,538,149
5,СТРУГА,1874,110,76
5,СТРУГА,1875,589,197
5,СТРУГА,1876,502,169
5,СТРУГА,1877,907,360
5,СТРУГА,1878,695,476
5,СТРУГА,1879,885,368
5,СТРУГА,1880,782,314
5,СТРУГА,1881,883,292
5,СТРУГА,1882,809,185
5,СТРУГА,1883,537,124
5,СТРУГА,1884,585,140
5,СТРУГА,1885,11,7
5,СТРУГА,1886,19,4
5,СТРУГА,1887,325,184
5,СТРУГА,1888,173,72
5,СТРУГА,1889,49,25
5,СТРУГА,1890,567,210
5,СТРУГА,1891,189,82
5,СТРУГА,1892,16,7
5,СТРУГА,1893,40,27
5,СТРУГА,1894,162,55
5,СТРУГА,1895,487,170
5,СТРУГА,1896,698,252
5,СТРУГА,1897,763,317
5,СТРУГА,1898,805,362
5,СТРУГА,1899,633,303
5,СТРУГА,1900,612,230
5,СТРУГА,1901,257,109
5,СТРУГА,1902,140,87
5,СТРУГА,1903,361,104
5,СТРУГА,1904,894,166
5,СТРУГА,1905,885,334
5,СТРУГА,1906,643,211
5,СТРУГА,1907,882,325
5,СТРУГА,1908,937,341
5,СТРУГА,1909,583,233
5,СТРУГА,1910,627,304
5,СТРУГА,1911,941,393
5,СТРУГА,1912,146,82
5,СТРУГА,1913,1029,343
5,СТРУГА,1914,887,330
5,СТРУГА,1915,1019,364
5,СТРУГА,1916,450,149
5,СТРУГА,1917,856,315
5,СТРУГА,1918,529,172
5,СТРУГА,1919,440,154
5,СТРУГА,1920,570,215
5,СТРУГА,1846/1,474,233
5,СТРУГА,1848/1,429,264
5,СТРУГА,1853/1,587,283
5,СТРУГА,1858/1,496,270
5,СТРУГА,1859/1,663,328
5,СТРУГА,1863/1,701,384
5,СТРУГА,1872/1,605,224
5,СТРУГА,1873/1,651,265
5,СТРУГА,1875/1,587,213
5,СТРУГА,1876/1,756,272
5,СТРУГА,1883/1,526,112
5,СТРУГА,1884/1,614,170
5,СТРУГА,1895/1,717,269
5,СТРУГА,1896/1,623,277
5,СТРУГА,1899/1,645,307
5,СТРУГА,1905/1,575,222
5,СТРУГА,1906/1,605,161
5,СТРУГА,1907/1,384,153
5,СТРУГА,2976,439,162
5,СТРУГА,ЗРД-2135,40,0
5,ЦЕНТАР ЖУПА,0557,208,29
5,ЦЕНТАР ЖУПА,0558,817,162
5,ЦЕНТАР ЖУПА,0559,300,75
5,ЦЕНТАР ЖУПА,0560,472,68
5,ЦЕНТАР ЖУПА,0561,337,98
5,ЦЕНТАР ЖУПА,0562,638,133
5,ЦЕНТАР ЖУПА,0563,916,160
5,ЦЕНТАР ЖУПА,0564,309,59
5,ЦЕНТАР ЖУПА,0565,501,82
5,ЦЕНТАР ЖУПА,0566,110,58
5,ЦЕНТАР ЖУПА,0567,176,61
5,ЦЕНТАР ЖУПА,0568,231,50
5,ЦЕНТАР ЖУПА,0569,1075,268
5,ЦЕНТАР ЖУПА,0570,225,92
5,ЦЕНТАР ЖУПА,0571,98,51
5,ЦЕНТАР ЖУПА,0562/1,646,86
5,ЦЕНТАР ЖУПА,ЗРД-2208,2,0
6,БОГОВИЊЕ,2050,667,300
6,БОГОВИЊЕ,2051,645,183
6,БОГОВИЊЕ,2052,1067,443
6,БОГОВИЊЕ,2053,716,290
6,БОГОВИЊЕ,2054,946,339
6,БОГОВИЊЕ,2055,940,385
6,БОГОВИЊЕ,2056,967,357
6,БОГОВИЊЕ,2057,1006,468
6,БОГОВИЊЕ,2058,677,197
6,БОГОВИЊЕ,2059,315,94
6,БОГОВИЊЕ,2060,245,82
6,БОГОВИЊЕ,2061,892,262
6,БОГОВИЊЕ,2062,937,280
6,БОГОВИЊЕ,2063,865,185
6,БОГОВИЊЕ,2064,350,132
6,БОГОВИЊЕ,2065,639,231
6,БОГОВИЊЕ,2066,1071,415
6,БОГОВИЊЕ,2067,754,272
6,БОГОВИЊЕ,2068,572,178
6,БОГОВИЊЕ,2069,795,231
6,БОГОВИЊЕ,2070,876,342
6,БОГОВИЊЕ,2071,719,263
6,БОГОВИЊЕ,2072,947,338
6,БОГОВИЊЕ,2073,671,270
6,БОГОВИЊЕ,2074,788,289
6,БОГОВИЊЕ,2075,627,275
6,БОГОВИЊЕ,2076,278,77
6,БОГОВИЊЕ,2077,719,305
6,БОГОВИЊЕ,2078,709,266
6,БОГОВИЊЕ,2079,809,238
6,БОГОВИЊЕ,2065/1,671,245
6,БОГОВИЊЕ,2069/1,594,256
6,БОГОВИЊЕ,2070/1,731,288
6,БОГОВИЊЕ,2071/1,658,274
6,БОГОВИЊЕ,2073/1,695,261
6,БОГОВИЊЕ,2074/1,933,372
6,БОГОВИЊЕ,2050/1,683,259
6,БОГОВИЊЕ,2062/1,631,226
6,БОГОВИЊЕ,ЗРД-1104,7,0
6,БРВЕНИЦА,2032,622,427
6,БРВЕНИЦА,2033,877,615
6,БРВЕНИЦА,2034,826,550
6,БРВЕНИЦА,2035,887,595
6,БРВЕНИЦА,2036,769,401
6,БРВЕНИЦА,2037,866,268
6,БРВЕНИЦА,2038,798,266
6,БРВЕНИЦА,2039,635,194
6,БРВЕНИЦА,2040,572,165
6,БРВЕНИЦА,2041,708,255
6,БРВЕНИЦА,2042,1013,431
6,БРВЕНИЦА,2043,944,482
6,БРВЕНИЦА,2044,116,79
6,БРВЕНИЦА,2045,176,118
6,БРВЕНИЦА,2046,261,145
6,БРВЕНИЦА,2047,872,271
6,БРВЕНИЦА,2048,777,196
6,БРВЕНИЦА,2049,513,214
6,БРВЕНИЦА,2036/1,780,208
6,БРВЕНИЦА,2037/1,394,119
6,БРВЕНИЦА,2038/1,463,139
6,БРВЕНИЦА,2039/1,542,165
6,БРВЕНИЦА,2040/1,559,205
6,БРВЕНИЦА,2049/1,565,202
6,БРВЕНИЦА,ЗРД-1147,5,0
6,ВРАПЧИШТЕ,0436,593,202
6,ВРАПЧИШТЕ,0437,754,265
6,ВРАПЧИШТЕ,0438,701,188
6,ВРАПЧИШТЕ,0439,761,199
6,ВРАПЧИШТЕ,0440,843,240
6,ВРАПЧИШТЕ,0441,885,316
6,ВРАПЧИШТЕ,0442,809,264
6,ВРАПЧИШТЕ,0443,1056,354
6,ВРАПЧИШТЕ,0444,838,270
6,ВРАПЧИШТЕ,0445,971,309
6,ВРАПЧИШТЕ,0446,994,372
6,ВРАПЧИШТЕ,0447,656,220
6,ВРАПЧИШТЕ,0448,771,267
6,ВРАПЧИШТЕ,0449,581,114
6,ВРАПЧИШТЕ,0450,94,29
6,ВРАПЧИШТЕ,0451,638,159
6,ВРАПЧИШТЕ,0452,833,226
6,ВРАПЧИШТЕ,0453,715,238
6,ВРАПЧИШТЕ,0454,386,298
6,ВРАПЧИШТЕ,0455,735,192
6,ВРАПЧИШТЕ,0456,560,162
6,ВРАПЧИШТЕ,0457,382,126
6,ВРАПЧИШТЕ,0458,420,133
6,ВРАПЧИШТЕ,0459,960,258
6,ВРАПЧИШТЕ,0460,267,214
6,ВРАПЧИШТЕ,0461,685,200
6,ВРАПЧИШТЕ,0462,23,17
6,ВРАПЧИШТЕ,0436/1,669,207
6,ВРАПЧИШТЕ,0437/1,552,179
6,ВРАПЧИШТЕ,0438/1,810,254
6,ВРАПЧИШТЕ,0439/1,402,99
6,ВРАПЧИШТЕ,0444/1,925,230
6,ВРАПЧИШТЕ,0445/1,502,165
6,ВРАПЧИШТЕ,0447/1,773,274
6,ВРАПЧИШТЕ,0455/1,578,185
6,ВРАПЧИШТЕ,0456/1,666,207
6,ВРАПЧИШТЕ,0457/1,729,233
6,ВРАПЧИШТЕ,0458/1,753,258
6,ВРАПЧИШТЕ,0461/1,638,193
6,ВРАПЧИШТЕ,ЗРД-1236,5,0
6,КИЧЕВО,0783,578,213
6,КИЧЕВО,0784,108,0
6,КИЧЕВО,0785,703,250
6,КИЧЕВО,0786,856,318
6,КИЧЕВО,0787,573,214
6,КИЧЕВО,0788,138,47
6,КИЧЕВО,0789,22,12
6,КИЧЕВО,0790,517,155
6,КИЧЕВО,0791,995,300
6,КИЧЕВО,0792,433,151
6,КИЧЕВО,0793,632,230
6,КИЧЕВО,0794,440,168
6,КИЧЕВО,0795,679,256
6,КИЧЕВО,0796,125,39
6,КИЧЕВО,0797,155,49
6,КИЧЕВО,0798,329,174
6,КИЧЕВО,0799,8,1
6,КИЧЕВО,0800,99,24
6,КИЧЕВО,0801,317,128
6,КИЧЕВО,0783/1,591,232
6,КИЧЕВО,0793/1,637,269
6,КИЧЕВО,0814,1014,315
6,КИЧЕВО,0815,942,294
6,КИЧЕВО,0816,707,337
6,КИЧЕВО,0817,586,213
6,КИЧЕВО,0818,605,218
6,КИЧЕВО,0819,879,367
6,КИЧЕВО,0820,69,27
6,КИЧЕВО,0821,979,376
6,КИЧЕВО,0822,32,15
6,КИЧЕВО,0823,101,56
6,КИЧЕВО,0824,691,330
6,КИЧЕВО,0825,94,38
6,КИЧЕВО,0826,182,53
6,КИЧЕВО,0827,612,209
6,КИЧЕВО,0828,676,215
6,КИЧЕВО,0829,685,212
6,КИЧЕВО,0816/1,635,365
6,КИЧЕВО,0817/1,482,195
6,КИЧЕВО,0828/1,706,246
6,КИЧЕВО,ЗРД-1520/1,13,0
6,ГОСТИВАР,0386,794,400
6,ГОСТИВАР,0387,599,299
6,ГОСТИВАР,0388,666,249
6,ГОСТИВАР,0389,286,190
6,ГОСТИВАР,0390,923,349
6,ГОСТИВАР,0391,907,478
6,ГОСТИВАР,0392,794,422
6,ГОСТИВАР,0393,763,400
6,ГОСТИВАР,0394,786,402
6,ГОСТИВАР,0395,974,387
6,ГОСТИВАР,0396,854,370
6,ГОСТИВАР,0397,751,364
6,ГОСТИВАР,0398,597,275
6,ГОСТИВАР,0399,975,439
6,ГОСТИВАР,0400,877,376
6,ГОСТИВАР,0401,975,467
6,ГОСТИВАР,0402,830,364
6,ГОСТИВАР,0403,659,234
6,ГОСТИВАР,0404,846,235
6,ГОСТИВАР,0405,985,235
6,ГОСТИВАР,0406,620,145
6,ГОСТИВАР,0407,651,298
6,ГОСТИВАР,0408,846,416
6,ГОСТИВАР,0409,820,465
6,ГОСТИВАР,0410,796,436
6,ГОСТИВАР,0411,954,552
6,ГОСТИВАР,0412,938,475
6,ГОСТИВАР,0413,507,213
6,ГОСТИВАР,0414,570,302
6,ГОСТИВАР,0415,948,495
6,ГОСТИВАР,0416,782,380
6,ГОСТИВАР,0417,966,377
6,ГОСТИВАР,0418,463,185
6,ГОСТИВАР,0419,495,232
6,ГОСТИВАР,0420,345,159
6,ГОСТИВАР,0421,553,304
6,ГОСТИВАР,0422,650,177
6,ГОСТИВАР,0423,764,302
6,ГОСТИВАР,0424,865,346
6,ГОСТИВАР,0425,814,253
6,ГОСТИВАР,0426,710,257
6,ГОСТИВАР,0427,703,226
6,ГОСТИВАР,0428,879,280
6,ГОСТИВАР,0429,950,339
6,ГОСТИВАР,0430,699,407
6,ГОСТИВАР,0431,492,144
6,ГОСТИВАР,0432,201,63
6,ГОСТИВАР,0433,774,275
6,ГОСТИВАР,0434,1012,352
6,ГОСТИВАР,0435,685,261
6,ГОСТИВАР,0387/1,573,291
6,ГОСТИВАР,0388/1,635,260
6,ГОСТИВАР,0396/1,935,381
6,ГОСТИВАР,0397/1,640,293
6,ГОСТИВАР,0398/1,578,305
6,ГОСТИВАР,0403/1,663,194
6,ГОСТИВАР,0406/1,490,125
6,ГОСТИВАР,0407/1,691,292
6,ГОСТИВАР,0413/1,584,291
6,ГОСТИВАР,0419/1,619,370
6,ГОСТИВАР,0422/1,756,234
6,ГОСТИВАР,0424/1,901,363
6,ГОСТИВАР,0425/1,712,225
6,ГОСТИВАР,0426/1,905,303
6,ГОСТИВАР,0427/1,779,256
6,ГОСТИВАР,0435/1,726,296
6,ГОСТИВАР,0480,8,3
6,ГОСТИВАР,0499,619,161
6,ГОСТИВАР,0500,416,116
6,ГОСТИВАР,0501,747,212
6,ГОСТИВАР,0502,896,198
6,ГОСТИВАР,0503,668,72
6,ГОСТИВАР,0504,713,214
6,ГОСТИВАР,0505,591,219
6,ГОСТИВАР,0506,529,150
6,ГОСТИВАР,0507,629,166
6,ГОСТИВАР,0508,926,295
6,ГОСТИВАР,0509,198,142
6,ГОСТИВАР,0510,935,418
6,ГОСТИВАР,0511,649,231
6,ГОСТИВАР,0512,516,190
6,ГОСТИВАР,0513,254,64
6,ГОСТИВАР,0514,8,3
6,ГОСТИВАР,0515,839,363
6,ГОСТИВАР,0516,918,375
6,ГОСТИВАР,0517,689,330
6,ГОСТИВАР,0518,700,238
6,ГОСТИВАР,0519,512,143
6,ГОСТИВАР,0520,972,377
6,ГОСТИВАР,0521,765,199
6,ГОСТИВАР,0522,547,108
6,ГОСТИВАР,0523,315,38
6,ГОСТИВАР,0524,920,249
6,ГОСТИВАР,0525,96,52
6,ГОСТИВАР,0526,986,413
6,ГОСТИВАР,0527,500,217
6,ГОСТИВАР,0528,540,190
6,ГОСТИВАР,0529,22,10
6,ГОСТИВАР,0530,568,206
6,ГОСТИВАР,0531,806,312
6,ГОСТИВАР,0532,27,16
6,ГОСТИВАР,0533,10,3
6,ГОСТИВАР,0499/1,676,153
6,ГОСТИВАР,0500/1,690,242
6,ГОСТИВАР,0501/1,440,123
6,ГОСТИВАР,0504/1,874,235
6,ГОСТИВАР,0505/1,686,193
6,ГОСТИВАР,0506/1,762,238
6,ГОСТИВАР,0507/1,673,364
6,ГОСТИВАР,0508/1,685,200
6,ГОСТИВАР,0510/1,772,322
6,ГОСТИВАР,0511/1,965,377
6,ГОСТИВАР,0518/1,610,202
6,ГОСТИВАР,0519/1,733,250
6,ГОСТИВАР,0521/1,400,118
6,ГОСТИВАР,0527/1,580,254
6,ГОСТИВАР,0528/1,552,247
6,ГОСТИВАР,0531/1,846,382
6,ГОСТИВАР,0782,33,6
6,ГОСТИВАР,2974,64,25
6,ГОСТИВАР,2975,311,67
6,ГОСТИВАР,ЗРД-1287,79,0
6,ЖЕЛИНО,2089,617,203
6,ЖЕЛИНО,2090,737,224
6,ЖЕЛИНО,2091,730,217
6,ЖЕЛИНО,2092,995,242
6,ЖЕЛИНО,2093,790,236
6,ЖЕЛИНО,2094,839,283
6,ЖЕЛИНО,2095,1116,300
6,ЖЕЛИНО,2096,963,350
6,ЖЕЛИНО,2097,462,206
6,ЖЕЛИНО,2098,741,247
6,ЖЕЛИНО,2099,584,239
6,ЖЕЛИНО,2100,886,412
6,ЖЕЛИНО,2101,946,421
6,ЖЕЛИНО,2102,891,295
6,ЖЕЛИНО,2103,832,169
6,ЖЕЛИНО,2104,638,127
6,ЖЕЛИНО,2105,32,10
6,ЖЕЛИНО,2106,533,176
6,ЖЕЛИНО,2107,712,224
6,ЖЕЛИНО,2108,749,273
6,ЖЕЛИНО,2109,655,207
6,ЖЕЛИНО,2110,768,216
6,ЖЕЛИНО,2111,200,61
6,ЖЕЛИНО,2112,643,135
6,ЖЕЛИНО,2113,585,200
6,ЖЕЛИНО,2114,514,189
6,ЖЕЛИНО,2090/1,713,162
6,ЖЕЛИНО,2091/1,660,188
6,ЖЕЛИНО,2106/1,598,194
6,ЖЕЛИНО,2107/1,600,195
6,ЖЕЛИНО,2108/1,792,252
6,ЖЕЛИНО,2109/1,642,212
6,ЖЕЛИНО,2110/1,547,162
6,ЖЕЛИНО,2113/1,611,251
6,ЖЕЛИНО,2114/1,610,207
6,ЖЕЛИНО,ЗРД-1392,11,0
6,ЈЕГУНОВЦЕ,2115,531,324
6,ЈЕГУНОВЦЕ,2116,344,238
6,ЈЕГУНОВЦЕ,2117,739,458
6,ЈЕГУНОВЦЕ,2118,471,326
6,ЈЕГУНОВЦЕ,2119,140,84
6,ЈЕГУНОВЦЕ,2120,504,281
6,ЈЕГУНОВЦЕ,2121,1008,339
6,ЈЕГУНОВЦЕ,2122,354,208
6,ЈЕГУНОВЦЕ,2123,354,219
6,ЈЕГУНОВЦЕ,2124,314,173
6,ЈЕГУНОВЦЕ,2125,790,342
6,ЈЕГУНОВЦЕ,2126,912,365
6,ЈЕГУНОВЦЕ,2127,330,120
6,ЈЕГУНОВЦЕ,2128,283,82
6,ЈЕГУНОВЦЕ,2129,269,99
6,ЈЕГУНОВЦЕ,2130,211,111
6,ЈЕГУНОВЦЕ,2131,341,182
6,ЈЕГУНОВЦЕ,2132,581,203
6,ЈЕГУНОВЦЕ,2133,150,66
6,ЈЕГУНОВЦЕ,2134,986,265
6,ЈЕГУНОВЦЕ,2132/1,556,175
6,ЈЕГУНОВЦЕ,ЗРД-1481,5,0
6,ТЕАРЦЕ,2007,696,329
6,ТЕАРЦЕ,2008,517,258
6,ТЕАРЦЕ,2009,383,213
6,ТЕАРЦЕ,2010,880,385
6,ТЕАРЦЕ,2011,741,317
6,ТЕАРЦЕ,2012,789,284
6,ТЕАРЦЕ,2013,668,316
6,ТЕАРЦЕ,2014,809,320
6,ТЕАРЦЕ,2015,822,278
6,ТЕАРЦЕ,2016,916,318
6,ТЕАРЦЕ,2017,937,423
6,ТЕАРЦЕ,2018,1111,516
6,ТЕАРЦЕ,2019,1042,482
6,ТЕАРЦЕ,2020,952,458
6,ТЕАРЦЕ,2021,622,231
6,ТЕАРЦЕ,2022,628,230
6,ТЕАРЦЕ,2023,683,340
6,ТЕАРЦЕ,2024,525,260
6,ТЕАРЦЕ,2025,924,313
6,ТЕАРЦЕ,2026,904,317
6,ТЕАРЦЕ,2027,883,412
6,ТЕАРЦЕ,2028,992,409
6,ТЕАРЦЕ,2029,653,189
6,ТЕАРЦЕ,2030,823,281
6,ТЕАРЦЕ,2031,634,203
6,ТЕАРЦЕ,2021/1,644,281
6,ТЕАРЦЕ,2022/1,469,222
6,ТЕАРЦЕ,2029/1,647,225
6,ТЕАРЦЕ,2030/1,330,123
6,ТЕАРЦЕ,2031/1,604,228
6,ТЕАРЦЕ,ЗРД-2160,10,0
6,ТЕТОВО,1924,783,354
6,ТЕТОВО,1925,890,413
6,ТЕТОВО,1926,778,374
6,ТЕТОВО,1927,630,288
6,ТЕТОВО,1928,550,268
6,ТЕТОВО,1929,537,23
6,ТЕТОВО,1930,585,186
6,ТЕТОВО,1931,582,233
6,ТЕТОВО,1932,783,341
6,ТЕТОВО,1933,745,426
6,ТЕТОВО,1934,566,254
6,ТЕТОВО,1935,914,408
6,ТЕТОВО,1936,879,442
6,ТЕТОВО,1937,570,266
6,ТЕТОВО,1938,583,309
6,ТЕТОВО,1939,559,282
6,ТЕТОВО,1940,958,535
6,ТЕТОВО,1941,677,345
6,ТЕТОВО,1942,538,284
6,ТЕТОВО,1943,921,491
6,ТЕТОВО,1944,857,393
6,ТЕТОВО,1945,904,509
6,ТЕТОВО,1946,852,433
6,ТЕТОВО,1947,813,369
6,ТЕТОВО,1948,726,295
6,ТЕТОВО,1949,867,519
6,ТЕТОВО,1950,871,366
6,ТЕТОВО,1951,595,328
6,ТЕТОВО,1952,861,374
6,ТЕТОВО,1953,835,398
6,ТЕТОВО,1954,705,371
6,ТЕТОВО,1955,675,368
6,ТЕТОВО,1956,449,235
6,ТЕТОВО,1957,780,364
6,ТЕТОВО,1958,571,288
6,ТЕТОВО,1959,670,332
6,ТЕТОВО,1960,549,238
6,ТЕТОВО,1961,740,370
6,ТЕТОВО,1962,658,367
6,ТЕТОВО,1963,811,420
6,ТЕТОВО,1964,678,327
6,ТЕТОВО,1965,654,342
6,ТЕТОВО,1966,657,311
6,ТЕТОВО,1967,818,442
6,ТЕТОВО,1968,521,233
6,ТЕТОВО,1969,793,490
6,ТЕТОВО,1970,859,424
6,ТЕТОВО,1971,530,300
6,ТЕТОВО,1972,535,269
6,ТЕТОВО,1973,602,317
6,ТЕТОВО,1974,807,435
6,ТЕТОВО,1975,853,445
6,ТЕТОВО,1976,1081,559
6,ТЕТОВО,1977,839,425
6,ТЕТОВО,1978,671,363
6,ТЕТОВО,1979,692,357
6,ТЕТОВО,1980,653,332
6,ТЕТОВО,1981,827,373
6,ТЕТОВО,1982,726,296
6,ТЕТОВО,1983,542,296
6,ТЕТОВО,1984,1066,526
6,ТЕТОВО,1985,1032,545
6,ТЕТОВО,1986,943,432
6,ТЕТОВО,1987,1016,368
6,ТЕТОВО,1988,944,392
6,ТЕТОВО,1989,542,281
6,ТЕТОВО,1990,692,288
6,ТЕТОВО,1991,576,187
6,ТЕТОВО,1992,446,218
6,ТЕТОВО,1993,608,217
6,ТЕТОВО,1994,695,265
6,ТЕТОВО,1995,880,485
6,ТЕТОВО,1996,875,374
6,ТЕТОВО,1997,918,407
6,ТЕТОВО,1998,313,138
6,ТЕТОВО,1999,748,364
6,ТЕТОВО,2000,657,289
6,ТЕТОВО,2001,876,292
6,ТЕТОВО,2002,1003,400
6,ТЕТОВО,2003,806,289
6,ТЕТОВО,2004,690,282
6,ТЕТОВО,2005,820,299
6,ТЕТОВО,2006,851,283
6,ТЕТОВО,1927/1,709,342
6,ТЕТОВО,1928/1,548,283
6,ТЕТОВО,1929/1,635,315
6,ТЕТОВО,1930/1,571,280
6,ТЕТОВО,1931/1,605,237
6,ТЕТОВО,1932/1,697,335
6,ТЕТОВО,1939/1,548,261
6,ТЕТОВО,1941/1,616,258
6,ТЕТОВО,1942/1,592,302
6,ТЕТОВО,1954/1,624,312
6,ТЕТОВО,1958/1,509,208
6,ТЕТОВО,1968/1,568,289
6,ТЕТОВО,1971/1,481,284
6,ТЕТОВО,1972/1,617,320
6,ТЕТОВО,1973/1,560,254
6,ТЕТОВО,1981/1,760,293
6,ТЕТОВО,1989/1,769,320
6,ТЕТОВО,1990/1,434,223
6,ТЕТОВО,1991/1,953,403
6,ТЕТОВО,1992/1,1017,479
6,ТЕТОВО,1993/1,704,343
6,ТЕТОВО,1994/1,512,158
6,ТЕТОВО,1997/1,652,277
6,ТЕТОВО,2000/1,599,262
6,ТЕТОВО,2004/1,774,407
6,ТЕТОВО,2080,902,328
6,ТЕТОВО,2081,844,266
6,ТЕТОВО,2082,869,302
6,ТЕТОВО,2083,757,243
6,ТЕТОВО,2084,757,405
6,ТЕТОВО,2085,944,181
6,ТЕТОВО,2086,626,132
6,ТЕТОВО,2087,566,127
6,ТЕТОВО,2088,985,342
6,ТЕТОВО,ЗРД-2178,87,0
